ts,asset,variant,direction,regime,entry,sl,tp1,tp2,tp3,rr2,score,pre,reaction,R,outcome,mfe,mae,entry_eff,false_start,tp1_hit,tp2_hit,tp3_hit,bars
2023-01-28 18:29:59.999000+00:00,BTCUSDT,v3_fib,LONG,trend,23002.4,22855.57,23124.3,23837.4,23837.4,5.686848736634135,73.34478021978019,51.25,22.094780219780194,4.6278008581352035,TIME,5.229176598787647,0.45835319757544174,0.3446932814021184,False,True,False,False,49
2023-02-01 01:29:59.999000+00:00,BTCUSDT,v3_fib,LONG,transition,23056.7,22772.75857142857,23330.0,23962.7,23962.7,3.190798907219278,73.76778050275905,51.75,22.017780502759052,-1.0,SL,4.31321348970359,1.0907179045980273,0.8082832331329286,False,True,False,False,37
2023-02-03 03:59:59.999000+00:00,BTCUSDT,v3_fib,LONG,transition,23534.9,23319.665714285715,24149.0,24281.4,23962.7,3.468313598470754,71.64905430577444,46.25,25.399054305774445,-1.0,SL,0.8595284872298586,1.5513327669516273,0.2835443037974561,False,False,False,False,20
2023-02-04 22:29:59.999000+00:00,BTCUSDT,v3_fib,LONG,transition,23413.0,23272.834285714285,23591.4,24281.4,24281.4,6.195523665864883,70.09523809523806,46.25,23.84523809523806,-1.0,SL,0.2639732561457857,4.794325084593729,0.15481171548117156,True,False,False,False,3
2023-02-14 01:59:59.999000+00:00,BTCUSDT,v3_fib,SHORT,transition,21698.7,21783.064285714285,21338.0,21338.0,21405.0,4.275505884345195,71.125,42.375,28.75,-1.0,SL,2.5306917280501726,7.364490728981594,0.3501577287066281,False,False,False,False,16
2023-02-26 06:29:59.999000+00:00,BTCUSDT,v3_fib,SHORT,transition,23125.6,23266.50857142857,22700.0,22700.0,21338.0,3.0203982318828593,74.375,45.625,28.75,-1.0,SL,0.16180704813657715,3.8989821160630944,0.12411540555252687,True,False,False,False,7
2023-03-04 14:59:59.999000+00:00,BTCUSDT,v3_fib,SHORT,transition,22334.0,22409.27,22262.2,21883.2,21338.0,5.989105885478898,74.46147798742135,46.25,28.211477987421347,-1.0,SL,2.4777467782648985,4.198219742261169,0.9268953068592184,False,True,False,False,21
2023-03-12 06:29:59.999000+00:00,BTCUSDT,v3_fib,SHORT,transition,20366.7,20560.358571428573,19968.3,19521.6,19521.6,4.363865713590189,71.10238095238095,45.625,25.477380952380955,-1.0,SL,0.5396094747014243,11.521824123457296,0.6333333333333333,False,False,False,False,22
2023-04-01 08:59:59.999000+00:00,BTCUSDT,v3_fib,LONG,trend,28426.3,28212.535714285714,28845.3,29184.8,29184.8,3.5483008654392387,70.09798994974877,41.5,28.597989949748765,-1.0,SL,0.6956260233234244,1.1522036956594357,0.257058823529416,False,False,False,False,13
2023-04-06 05:29:59.999000+00:00,BTCUSDT,v3_fib,SHORT,trend,28058.6,28340.818571428572,27775.0,27166.0,24120.5,3.1627968190814353,71.6545875672445,49.375,22.27958756724451,0.3366185276862389,TIME,1.3266313343760747,0.4124462802387231,0.9162406606370324,False,True,False,False,49
2023-04-16 20:59:59.999000+00:00,BTCUSDT,v3_fib,LONG,transition,30334.4,30125.571428571428,30397.4,31059.0,31059.0,3.469831714324757,73.86586470310286,50.0,23.86586470310286,-1.0,SL,0.3136543986865471,5.336913394445141,0.10285804020100453,True,True,False,False,7
2023-05-01 00:59:59.999000+00:00,BTCUSDT,v3_fib,LONG,transition,29303.3,29107.104285714286,29950.0,29950.0,31059.0,3.296198402469852,70.24673913043479,41.75,28.49673913043479,-1.0,SL,0.0,8.42678957600649,0.0,True,False,False,False,2
2023-05-13 07:29:59.999000+00:00,BTCUSDT,v3_fib,SHORT,transition,26718.3,27013.91,25751.0,25751.0,26666.6,3.272216772098364,71.84973045822102,50.0,21.849730458221018,-1.0,SL,0.5456513649741178,1.1271607861709687,0.0,False,False,False,False,23
2023-06-08 10:29:59.999000+00:00,BTCUSDT,v3_fib,SHORT,trend,26377.3,26546.154285714285,26111.0,25321.6,25321.6,6.252136245960175,77.53805073431243,52.5,25.03805073431243,-1.0,SL,0.836816189783241,2.5033418501159126,0.3014446227929304,True,False,False,False,5
2023-06-16 10:59:59.999000+00:00,BTCUSDT,v3_fib,SHORT,transition,25553.0,25777.905714285713,25205.0,24777.0,24796.8,3.450334743448072,71.25827032136111,43.125,28.13327032136111,-1.0,SL,1.826987817117033,5.989176416784217,0.7110226682817103,False,True,False,False,10
2023-06-23 08:59:59.999000+00:00,BTCUSDT,v3_fib,LONG,trend,29992.0,29759.22857142857,30260.0,30822.0,30822.0,3.5657297164600514,71.69083948133243,46.25,25.440839481332432,3.5657297164600514,TP2,6.478458328218985,0.39051184485087215,0.7701368990767264,False,True,True,True,13
2023-06-25 14:29:59.999000+00:00,BTCUSDT,v3_fib,LONG,transition,30686.0,30426.00142857143,31053.2,31500.0,31500.0,3.1307864328925232,74.83470077220078,49.375,25.45970077220078,-1.0,SL,0.11846218935268726,2.9461700339013177,0.08014571948998006,True,False,False,False,2
2023-07-01 08:59:59.999000+00:00,BTCUSDT,v3_fib,SHORT,trend,30429.8,30564.457142857143,30275.0,29500.0,24777.0,6.904943772543953,71.08772158498442,45.625,25.462721584984422,-1.0,SL,0.10248249522596428,1.7704222363674873,0.0659025787965577,True,False,False,False,6
2023-07-02 14:59:59.999000+00:00,BTCUSDT,v3_fib,LONG,transition,30586.5,30444.062857142857,30650.0,31300.0,31500.0,5.009227127755595,76.98833333333332,48.75,28.23833333333332,-1.0,SL,2.5513008244238127,3.06521172246403,0.2193813695691058,True,False,False,False,1
2023-07-03 13:29:59.999000+00:00,BTCUSDT,v3_fib,LONG,transition,30617.6,30522.745714285713,30798.3,31300.0,31500.0,7.194192596162555,76.07193187308746,50.625,25.44693187308747,7.194192596162555,TP2,8.197837284255579,0.14337781258470117,0.976347826086959,False,True,True,False,11
2023-07-09 02:59:59.999000+00:00,BTCUSDT,v3_fib,SHORT,transition,30287.9,30366.47142857143,30026.8,29680.0,26230.9,7.7369090909092115,70.28993094860763,48.125,22.16493094860763,-1.0,SL,4.570363636363725,1.9790909090909352,0.7651083238312615,False,False,False,False,24
2023-07-21 15:59:59.999000+00:00,BTCUSDT,v3_fib,SHORT,trend,29852.0,29968.96285714286,29710.3,29400.0,29400.0,3.8644746806067443,71.22583643122678,42.75,28.47583643122678,-1.0,SL,0.7694750470234668,1.7458533844688053,0.3059143439836838,True,False,False,False,5
2023-07-23 15:59:59.999000+00:00,BTCUSDT,v3_fib,SHORT,transition,29886.0,29987.879999999997,29768.6,29468.8,29400.0,4.095013741656963,74.87781954887224,46.25,28.627819548872242,-1.0,SL,10.365135453474943,4.733019238319721,0.0002073398299783369,True,False,False,False,3
2023-08-03 12:29:59.999000+00:00,BTCUSDT,v3_fib,SHORT,trend,29116.2,29292.52857142857,28955.4,28550.0,28550.0,3.211050798023196,72.35484521122216,47.375,24.979845211222155,-1.0,SL,0.27335331766994025,1.8363444867536334,0.12956989247312023,True,False,False,False,5
2023-08-04 06:59:59.999000+00:00,BTCUSDT,v3_fib,SHORT,trend,29184.8,29381.41142857143,29079.6,28550.0,28550.0,3.2287034615048658,81.1895161290323,53.125,28.064516129032302,0.7598744441537814,TIME,2.0588833667567243,0.7069782311738766,0.43205574912890987,False,True,False,False,49
2023-08-10 10:29:59.999000+00:00,BTCUSDT,v3_fib,LONG,transition,29505.9,29343.36,29650.0,30250.0,30420.0,4.577950043066289,71.40884279475982,43.0,28.40884279475982,-1.0,SL,1.3775070751814729,1.244001476559614,0.8545801526717474,False,True,False,False,15
2023-08-20 04:29:59.999000+00:00,BTCUSDT,v3_fib,SHORT,transition,26097.1,26292.855714285717,25906.9,24581.0,24581.0,7.744856928095336,70.30916221628836,48.125,22.18416221628836,0.27227813090658676,TIME,0.759109385604483,0.9598698085806519,0.5466988727858085,False,False,False,False,49
2023-08-21 06:29:59.999000+00:00,BTCUSDT,v3_fib,SHORT,transition,26090.7,26302.72142857143,25982.3,24581.0,24581.0,7.120506687329462,79.64888211382114,51.125,28.52388211382115,0.15470134420374979,TIME,1.371087828049731,0.8928342822490967,0.9995590828924227,False,True,False,False,49
2023-08-26 07:59:59.999000+00:00,BTCUSDT,v3_fib,SHORT,transition,26039.7,26146.144285714287,25820.0,25280.0,24581.0,7.1370670102401,73.02970467032954,47.5,25.529704670329536,0.02724429949941642,TIME,0.7900846854827003,0.2846559568385805,0.8587127158555746,False,False,False,False,49
2023-09-02 12:29:59.999000+00:00,BTCUSDT,v3_fib,SHORT,transition,25809.3,25853.530000000002,25740.0,25312.0,24581.0,11.243499886953725,75.56634342478718,50.625,24.941343424787174,-1.0,SL,1.3203707890570562,6.911598462581474,0.18734673859735385,True,False,False,False,5
2023-09-04 05:29:59.999000+00:00,BTCUSDT,v3_fib,SHORT,transition,25965.6,26155.332857142857,25777.0,25312.0,24581.0,3.4448435017656016,71.56465146299485,49.375,22.189651462994842,1.2744234374646908,TIME,2.2895349099861892,0.18130755272451343,0.6692307692307553,False,True,False,False,49
2023-09-07 15:59:59.999000+00:00,BTCUSDT,v3_fib,SHORT,trend,25766.7,25849.834285714285,25625.0,25326.0,24581.0,5.301061965151133,71.4686192468619,42.75,28.718619246861905,-1.0,SL,1.6443275939100581,8.231260954737715,0.03164855928200616,True,False,False,False,1
2023-09-23 13:59:59.999000+00:00,BTCUSDT,v3_fib,SHORT,trend,26561.8,26613.944285714286,26492.2,26360.1,24888.0,3.868113202377971,70.37871769868357,45.5,24.878717698683573,-1.0,SL,0.6175173282923799,1.1276403386208282,0.45350500715307684,False,False,False,False,9
2023-09-24 01:29:59.999000+00:00,BTCUSDT,v3_fib,SHORT,trend,26566.4,26626.992857142857,26530.1,26360.1,24888.0,3.4046917364141285,72.31693620844561,48.75,23.566936208445608,-1.0,SL,9.925262289284696,2.863373806436466,0.6412776412776835,False,True,False,False,33
2023-09-27 05:29:59.999000+00:00,BTCUSDT,v3_fib,SHORT,transition,26234.7,26309.13,26073.8,25965.0,24888.0,3.6235388956066057,73.5634667879892,51.25,22.313466787989196,-1.0,SL,2.4815262662904742,8.265484347709235,0.3824404761904828,False,False,False,False,9
2023-10-07 15:29:59.999000+00:00,BTCUSDT,v3_fib,LONG,trend,27941.4,27840.109999999997,28018.7,28450.0,28613.0,5.02122618224875,73.43353444920203,48.0,25.43353444920203,-1.0,SL,1.3880935926546776,2.6695626419191374,0.10546139359696227,False,False,False,False,9
2023-10-15 11:29:59.999000+00:00,BTCUSDT,v3_fib,SHORT,transition,26856.5,26906.937142857143,26773.1,26534.8,25965.0,6.3782359938820505,70.91019417475702,42.5,28.410194174757024,-1.0,SL,1.310542117487079,26.014558431994438,0.3943914081145532,True,False,False,False,4
2023-10-17 14:29:59.999000+00:00,BTCUSDT,v3_fib,LONG,transition,28369.9,28020.632857142857,28605.0,30720.0,28613.0,6.728660419572369,70.41595635867712,50.0,20.415956358677125,-0.5425646353384812,TIME,2.0903769934597594,0.6966014552921059,0.8965107057890479,False,True,False,True,49
2023-10-20 00:29:59.999000+00:00,BTCUSDT,v3_fib,LONG,trend,28671.9,28320.905714285713,28933.4,30720.0,30720.0,5.835137731179941,74.95494186046514,46.25,28.704941860465137,2.6872232352174734,TIME,4.476141247720718,0.31880860901276514,0.8667857142857125,False,True,False,False,49
2023-10-29 00:59:59.999000+00:00,BTCUSDT,v3_fib,LONG,trend,34084.5,33902.37,34535.8,35154.3,35981.9,5.873826387745118,72.55130282603062,48.625,23.926302826030625,2.3538132103442773,TIME,3.784659309284647,0.8318234228298588,0.08954326923077716,False,True,False,False,49
2023-11-04 19:29:59.999000+00:00,BTCUSDT,v3_fib,LONG,trend,34743.8,34545.17,35111.0,35999.9,35999.9,6.323818154357192,72.27465986394556,46.875,25.399659863945555,1.2963802044001105,TIME,3.0519055530382264,0.22051049690380045,0.923157894736837,False,True,False,False,49
2023-11-11 19:29:59.999000+00:00,BTCUSDT,v3_fib,LONG,trend,37200.4,36907.03571428571,37297.9,38499.9,38499.9,4.429646222395279,73.73463901689698,48.75,24.98463901689698,-1.0,SL,0.19770641084950075,2.087507000073009,0.018275088169287246,True,False,False,False,6
2023-11-12 13:59:59.999000+00:00,BTCUSDT,v3_fib,LONG,transition,37101.0,36718.112857142856,37222.9,38499.9,38499.9,3.6535569973994524,71.61090715300806,43.125,28.485907153008057,-1.0,SL,0.9501494285895562,1.146551949287553,0.9522081064730713,False,True,False,False,44
2023-11-17 04:59:59.999000+00:00,BTCUSDT,v3_fib,SHORT,trend,36446.9,37009.76714285715,35486.1,34446.3,33350.0,3.554302334730065,71.20215542238547,46.25,24.952155422385474,-1.0,SL,1.0279512800533899,1.0190681891438376,0.9424751243781092,False,False,False,False,25
2023-11-17 18:59:59.999000+00:00,BTCUSDT,v3_fib,SHORT,trend,36486.0,36688.98428571428,35868.3,34446.3,33350.0,10.048561113105466,72.3426004079623,50.5,21.842600407962294,-1.0,SL,1.4286820232390003,2.039566750417056,0.6741926264647056,False,False,False,False,9
2023-11-26 07:29:59.999000+00:00,BTCUSDT,v3_fib,LONG,trend,37758.4,37636.18571428571,37886.5,38425.0,38499.9,5.454354178842585,75.5798665620095,46.875,28.7048665620095,-1.0,SL,0.4025715955581156,6.164582115721602,0.3125794155018846,False,False,False,False,10
2023-12-10 01:59:59.999000+00:00,BTCUSDT,v3_fib,LONG,transition,43824.0,43694.654285714285,44180.8,44779.3,44779.3,7.38563318680831,72.94071518193225,44.375,28.565715181932248,-1.0,SL,2.1276313754942104,27.460515561838548,0.6842105263157895,False,False,False,False,16
2023-12-16 08:59:59.999000+00:00,BTCUSDT,v3_fib,SHORT,trend,42198.6,42495.851428571434,41638.1,40556.0,36700.0,5.5259616678520045,70.75317412333737,42.375,28.378174123337374,-1.0,SL,1.7742555604682564,1.877535131394252,0.0,False,False,False,False,8
2023-12-19 19:29:59.999000+00:00,BTCUSDT,v3_fib,LONG,transition,42280.4,42066.731428571424,43297.1,43550.0,44779.3,5.941912708600589,72.12603429368956,50.0,22.126034293689553,5.941912708600589,TP2,9.847962130936796,0.598122593068032,0.6838198911429947,False,True,True,False,37
2023-12-24 11:29:59.999000+00:00,BTCUSDT,v3_fib,LONG,transition,43659.9,43391.008571428574,43994.8,44484.0,44779.3,3.0648057633458103,70.5917242795537,46.75,23.8417242795537,-1.0,SL,0.9237929275756646,4.127688286297204,0.7633681622618327,False,False,False,False,22
2024-01-06 23:29:59.999000+00:00,BTCUSDT,v3_fib,LONG,trend,43831.0,43488.29857142857,44149.9,45582.3,45950.0,5.110279251826826,71.55501464759608,46.25,25.305014647596085,0.25065550604232917,TIME,1.913910901200946,0.7980707904840031,0.9780613387060604,False,True,False,False,49
2024-01-14 14:59:59.999000+00:00,BTCUSDT,v3_fib,SHORT,trend,42822.9,43134.67428571428,42553.0,41370.0,40333.0,4.660102088507339,71.37771859742567,43.0,28.37771859742567,1.2695081606657146,TIME,3.558343490254005,0.6293014176922882,0.061692969870882575,False,True,False,False,49
2024-01-16 10:29:59.999000+00:00,BTCUSDT,v3_fib,SHORT,transition,42869.8,43200.647142857146,42341.3,41370.0,40333.0,4.533211280133691,71.01305852737572,48.75,22.263058527375716,-1.0,SL,2.477881455829848,2.1738135435872326,0.34488552825037777,False,True,False,False,11
2024-01-20 11:29:59.999000+00:00,BTCUSDT,v3_fib,SHORT,trend,41546.3,41828.184285714284,41458.5,40300.0,40333.0,4.421317764635018,73.34903593339178,51.25,22.09903593339178,-1.0,SL,0.23520289480487352,1.1962355373785698,0.29271523178809233,False,False,False,False,19
2024-01-21 15:59:59.999000+00:00,BTCUSDT,v3_fib,SHORT,transition,41652.8,41881.00714285715,41544.0,40300.0,40300.0,5.927947666593631,72.91127898805343,44.25,28.66127898805342,5.207549532066723,TIME,5.783342201633851,0.7326676891295355,0.6304147465437921,False,True,False,False,49
2024-01-24 08:59:59.999000+00:00,BTCUSDT,v3_fib,SHORT,transition,39948.6,40312.491428571426,38983.0,38545.0,39402.0,3.857194453604696,72.6641647421093,44.25,28.414164742109307,-1.0,SL,1.2511973744130829,1.681820323173323,0.07328891580860286,True,False,False,False,4
2024-01-25 04:59:59.999000+00:00,BTCUSDT,v3_fib,SHORT,transition,39949.4,40282.415714285715,39493.3,38545.0,38545.0,4.217218406681812,70.08384174957763,44.875,25.208841749577626,-1.0,SL,1.243484863434157,1.052803171021529,0.4311995967741946,False,False,False,False,13
2024-02-10 12:59:59.999000+00:00,BTCUSDT,v3_fib,LONG,transition,47209.1,46974.82142857143,47538.0,48230.3,,4.35891338150556,73.17567155067154,48.125,25.050671550671535,4.35891338150556,TP2,5.936949297234689,0.5348333790664173,0.5726466575716341,False,True,True,False,30
2024-03-02 19:29:59.999000+00:00,BTCUSDT,v3_fib,LONG,transition,62111.1,61546.60428571429,62337.1,64300.0,64300.0,3.877620227409077,76.68285642570282,48.0,28.682856425702827,-1.0,SL,1.7146277208229015,1.3668837166927847,0.29734099892202737,False,False,False,False,24
2024-03-09 18:59:59.999000+00:00,BTCUSDT,v3_fib,LONG,transition,68308.7,67942.88714285714,68608.7,70330.8,69350.0,5.527689802358032,70.64619732785201,47.5,23.146197327852004,2.9635371716217582,TIME,4.622855558462822,0.29988011043897844,0.6267437904049021,False,True,False,True,49
2024-03-23 02:59:59.999000+00:00,BTCUSDT,v3_fib,SHORT,trend,63892.8,64909.19285714286,62294.0,60800.0,59112.0,3.0429178818651486,70.2234290623466,44.875,25.348429062346593,-1.0,SL,0.8585263009944205,2.1224076741979703,0.658715180795654,False,False,False,False,20
2024-04-09 02:59:59.999000+00:00,BTCUSDT,v3_fib,LONG,trend,71526.3,71109.14,72890.4,72890.4,71888.0,3.2699683574647134,76.52840550767287,48.125,28.403405507672876,-1.0,SL,0.42214018601972814,7.9353245757023085,0.1597423802612411,True,False,False,False,3
2024-04-11 22:59:59.999000+00:00,BTCUSDT,v3_fib,LONG,trend,70201.5,69461.37142857144,71337.8,72890.4,72890.4,3.6330174294041946,72.33294572495112,46.875,25.457945724951117,-1.0,SL,1.4801482367928536,6.890019108649161,0.614572333685321,False,False,False,False,32
2024-04-15 04:29:59.999000+00:00,BTCUSDT,v3_fib,SHORT,transition,64919.4,66010.8142857143,62550.0,59652.5,59652.5,4.82575688163454,70.30674332072708,45.0,25.306743320727083,-1.0,SL,2.9939135328996205,1.791711933402249,0.09370831480658004,True,False,False,False,4
2024-04-15 11:59:59.999000+00:00,BTCUSDT,v3_fib,SHORT,transition,65848.6,66827.62857142858,63300.0,59652.5,59652.5,6.328824490748856,76.67231384715875,48.125,28.547313847158744,2.765904978696094,TIME,4.4203000058366975,0.5322623008229646,0.7972136825310379,False,True,False,False,49
2024-04-17 02:59:59.999000+00:00,BTCUSDT,v3_fib,SHORT,transition,63825.3,64513.944285714286,61680.0,59652.5,59652.5,6.059441843290469,75.39973498233215,46.875,28.524734982332152,6.059441843290469,TP2,6.099375377294133,0.95550055906948,0.2261554745384009,False,True,True,True,27
2024-05-03 00:59:59.999000+00:00,BTCUSDT,v3_fib,SHORT,transition,59007.8,59754.47142857143,57542.4,56537.7,,3.3081485449710333,77.46899296556829,48.75,28.71899296556829,-1.0,SL,0.25392695199648824,6.090630799548489,0.03360590347028747,True,False,False,False,3
2024-05-11 07:29:59.999000+00:00,BTCUSDT,v3_fib,SHORT,trend,60912.7,61162.02714285714,60117.4,60117.4,56537.7,3.189785078697464,82.75643631436314,54.375,28.38143631436314,-1.0,SL,1.9255825679399676,2.3210469320284752,0.8063486731608958,False,False,False,False,16
2024-06-01 23:59:59.999000+00:00,BTCUSDT,v3_fib,SHORT,transition,67799.2,67965.18428571429,67590.0,66700.5,60432.6,6.619301310794996,70.5,41.75,28.75,-1.0,SL,3.029804886865181,4.49861862999055,0.4737750172532834,False,True,False,False,24
2024-06-12 08:59:59.999000+00:00,BTCUSDT,v3_fib,SHORT,trend,67399.5,67692.6257142857,66670.0,66000.0,66156.6,4.774402011813681,77.45884441575217,48.75,28.708844415752168,-1.0,SL,1.5095912041640256,8.967142328011619,0.024703465022879567,True,False,False,False,2
2024-06-15 16:59:59.999000+00:00,BTCUSDT,v3_fib,SHORT,trend,66175.9,66453.63714285714,66042.1,65052.4,66000.0,4.045191753764998,72.12298181075008,46.75,25.37298181075008,-1.0,SL,1.3498374619372355,2.175078182865576,0.7599837826880032,False,True,False,True,36
2024-06-22 10:59:59.999000+00:00,BTCUSDT,v3_fib,SHORT,transition,64290.0,64562.81428571429,63801.0,63361.2,64009.8,3.404513797978717,73.29660587639309,45.0,28.29660587639309,0.12352725558987133,TIME,0.32916164842646184,0.769754411687692,0.42323174238066663,False,False,False,False,49
2024-06-23 13:59:59.999000+00:00,BTCUSDT,v3_fib,SHORT,transition,64273.9,64520.43,64238.4,63361.2,63361.2,3.7021863464893063,70.21548323471403,41.5,28.71548323471403,3.7021863464893063,TP2,15.308076096215549,0.03772360361820338,0.9764676113360433,False,True,True,True,20
2024-06-27 06:29:59.999000+00:00,BTCUSDT,v3_fib,SHORT,trend,60779.1,61601.62,60696.0,58218.0,58218.0,3.1137236784515707,78.60067631703845,49.875,28.72567631703845,-1.0,SL,0.21166658561493665,1.9459709186402647,0.23438341410877472,False,True,False,False,13
2024-07-06 03:59:59.999000+00:00,BTCUSDT,v3_fib,SHORT,trend,56388.3,57125.73142857143,54822.9,53329.5,,4.1479110890697894,75.95052249267236,50.625,25.325522492672366,-1.0,SL,0.526557432942922,2.825618653162907,0.5883333333333378,False,False,False,False,20
2024-07-19 02:29:59.999000+00:00,BTCUSDT,v3_fib,LONG,transition,63834.9,63114.64857142857,65098.9,66100.0,66100.0,3.1448740122496917,70.87023569508447,48.75,22.120235695084478,3.1448740122496917,TP2,4.898150645806234,0.6435252768874368,0.7395663324784324,False,True,True,True,28
2024-08-28 13:29:59.999000+00:00,BTCUSDT,v3_fib,SHORT,trend,59836.2,60328.79,58475.2,57928.2,54519.8,3.873403844982613,71.6034874122988,43.0,28.6034874122988,3.873403844982613,TP2,4.093059136401433,1.650053797275618,0.9334259259259245,False,True,True,False,6
2024-08-31 07:59:59.999000+00:00,BTCUSDT,v3_fib,SHORT,transition,59060.8,59508.04,58372.4,57525.0,55969.0,3.433950451659087,81.875,53.125,28.75,1.7303908416063076,TIME,2.978713889634224,0.34657007423307556,0.7421700223713718,False,True,False,False,49
2024-09-07 09:59:59.999000+00:00,BTCUSDT,v3_fib,SHORT,trend,54218.5,54486.10857142857,52510.8,52510.8,,6.3813352124104075,74.11805555555556,45.5,28.61805555555556,-1.0,SL,1.645687197719481,2.248433212688019,0.008204406938584152,True,False,False,False,6
2024-09-14 19:59:59.999000+00:00,BTCUSDT,v3_fib,LONG,trend,59778.4,59534.96714285714,60210.0,60597.0,65175.4,3.3627342241626303,73.60918503039517,48.125,25.484185030395164,-0.29782339512801265,TIME,2.4277741589055926,0.4835008773319777,0.9029813036887288,False,True,False,False,49
2024-10-19 18:59:59.999000+00:00,BTCUSDT,v3_fib,LONG,transition,68155.2,68007.60714285714,68544.6,69000.0,68400.0,5.723854232202701,71.53821362799272,43.0,28.538213627992715,2.245366113342825,TIME,4.023229927890588,0.5786187872041615,0.8712202063322791,False,True,False,True,49
2024-11-16 16:59:59.999000+00:00,BTCUSDT,v3_fib,LONG,trend,90662.0,90156.37428571428,91849.8,93421.1,93421.1,5.456803168916527,71.30871575928218,45.875,25.433715759282183,-1.0,SL,1.7356712192530774,2.4957195893065562,0.8774983157421905,False,False,False,False,18
2024-11-23 11:29:59.999000+00:00,BTCUSDT,v3_fib,LONG,transition,98527.3,98228.58428571429,99418.4,99660.0,99100.0,3.7918996083231975,71.91497310221153,50.0,21.914973102211537,-1.0,SL,1.3039153327817508,4.532068234967749,0.8458197611292073,False,False,False,False,10
2024-12-07 12:29:59.999000+00:00,BTCUSDT,v3_fib,LONG,transition,99670.0,98752.62285714285,100788.9,104630.4,104630.4,5.407154558648527,71.87884852216746,43.75,28.12884852216746,-1.0,SL,0.9020281423436943,1.0471156900729401,0.2790815679309897,False,False,False,False,43
2024-12-08 16:29:59.999000+00:00,BTCUSDT,v3_fib,LONG,transition,99891.1,98597.41142857142,100597.5,104630.4,104630.4,3.663400995161064,72.12670755919044,50.0,22.126707559190436,-1.0,SL,1.2111106448670323,1.8482036966282205,0.5193513218860586,False,True,False,False,23
2024-12-27 10:59:59.999000+00:00,BTCUSDT,v3_fib,SHORT,trend,96572.4,97136.36571428571,94620.0,92464.4,92272.6,7.284130747563131,72.77488479262674,44.25,28.524884792626732,3.320059983382951,TIME,5.5542383528886825,0.7564289622469509,0.7692806922660866,False,True,False,False,49
2025-01-11 13:59:59.999000+00:00,BTCUSDT,v3_fib,SHORT,transition,94339.1,94935.17285714287,93802.1,91055.8,91055.8,5.508219273291091,70.03653381642508,41.75,28.286533816425077,-1.0,SL,1.1374448473460714,1.0886253118626241,0.5372304353723101,False,False,False,False,16
2025-01-12 00:59:59.999000+00:00,BTCUSDT,v3_fib,SHORT,transition,94411.3,95054.79142857142,93943.0,91055.8,91055.8,5.214521671950424,73.30691623812429,48.0,25.306916238124284,-1.0,SL,1.1658274946497371,2.367086696681529,0.37293566674883905,False,True,False,False,29
2025-01-26 07:59:59.999000+00:00,BTCUSDT,v3_fib,LONG,transition,104963.7,104337.90571428572,105496.9,107076.5,110000.0,3.3761893456544882,71.77858844550329,43.75,28.028588445503292,-1.0,SL,0.43672498493344386,11.639128330624551,0.2881834215167617,False,False,False,False,29
2025-01-31 09:59:59.999000+00:00,BTCUSDT,v3_fib,LONG,transition,104221.9,103760.96571428572,105767.1,106450.0,110000.0,4.833877776193803,72.19439008480103,43.625,28.569390084801025,-1.0,SL,3.8575997818097063,6.243623200084413,0.8066617631606623,False,True,False,False,18
2025-02-04 17:59:59.999000+00:00,BTCUSDT,v3_fib,SHORT,transition,99143.8,101197.08,97792.8,91130.3,94305.4,3.9027799423361667,72.59467774676479,48.75,23.844677746764788,1.004685186628229,TIME,1.4824086339904956,0.7791436141198491,0.6357965669535126,False,True,False,False,49
2025-02-15 23:59:59.999000+00:00,BTCUSDT,v3_fib,LONG,trend,97538.0,97226.66428571429,97899.8,98792.8,106450.0,4.030376029550121,70.40583294983891,41.875,28.530832949838906,-1.0,SL,0.4104893660954064,4.940005047376531,0.43662453023575054,False,False,False,False,16
2025-05-18 03:59:59.999000+00:00,BTCUSDT,v3_fib,SHORT,transition,103244.2,103525.86571428573,102591.0,101270.8,92700.0,7.006177535680199,73.125,44.375,28.75,-1.0,SL,1.275270584177721,13.7400464583136,0.0,True,False,False,False,4
2025-06-12 02:29:59.999000+00:00,BTCUSDT,v3_fib,LONG,transition,108533.5,107882.69,110350.0,110653.6,111959.5,3.2576327960541684,73.125,44.375,28.75,-1.0,SL,0.07037384182788076,9.09558857423829,0.03580082857813083,True,False,False,False,2
2025-07-20 10:29:59.999000+00:00,BTCUSDT,v3_fib,SHORT,transition,117941.9,118280.58714285714,117245.9,116788.9,105010.0,3.4043217297041557,70.24878996773248,48.125,22.123789967732474,-1.0,SL,4.640861140285301,5.251749402103054,0.22033122884068956,True,False,False,False,7
2025-08-12 02:59:59.999000+00:00,BTCUSDT,v3_fib,LONG,transition,119003.7,117891.21142857143,120799.0,122450.0,120300.1,3.0978295764194312,72.21354166666669,43.625,28.58854166666669,0.33384612618814463,TIME,1.1382588842004269,0.7635134614545004,0.15656973613355207,False,False,False,False,49
2025-08-16 20:59:59.999000+00:00,BTCUSDT,v3_fib,SHORT,transition,117606.7,117837.91571428571,117089.7,116736.3,111850.0,3.764450018844412,70.8724315068493,43.0,27.872431506849292,-1.0,SL,2.0980407906036347,4.114339732222799,0.9997869620792377,False,False,False,False,16
2025-08-17 12:59:59.999000+00:00,BTCUSDT,v3_fib,SHORT,transition,118109.3,118492.17857142857,117121.6,116736.3,111850.0,3.5859933212694175,71.41439393939392,43.0,28.414393939393918,-1.0,SL,9.152510120702425,1.1719120198496558,0.5131821633937306,True,False,False,False,2
2025-08-27 01:29:59.999000+00:00,BTCUSDT,v3_fib,SHORT,transition,111206.2,112018.8942857143,109350.0,108559.7,109219.8,3.2564520835456783,70.80686041709686,42.125,28.681860417096857,-1.0,SL,1.1065661661562962,1.6762760904644953,0.4069362774510933,False,False,False,False,26
2025-09-09 03:59:59.999000+00:00,BTCUSDT,v3_fib,LONG,transition,111657.6,111097.84142857144,112867.6,113344.3,117397.4,3.0132633711983163,73.73289269051318,45.0,28.732892690513186,-1.0,SL,2.8233600710510522,1.6841189186154577,0.9513031962920553,False,True,False,False,24
2025-09-15 01:59:59.999000+00:00,BTCUSDT,v3_fib,LONG,transition,115178.3,114702.95857142858,116057.7,116605.7,116605.7,3.002894160287808,72.53010525132973,48.75,23.780105251329726,3.002894160287808,TP2,3.327292562639197,1.7667300797321843,0.98489860491874,False,True,True,True,9
2025-09-21 13:29:59.999000+00:00,BTCUSDT,v3_fib,SHORT,trend,115667.0,115816.43571428572,115277.0,115049.9,107211.5,4.129534917068886,72.41071428571429,46.875,25.53571428571429,4.129534917068886,TP2,28.09100903398415,0.1960709335117959,0.9455693851012396,False,True,True,False,23
2025-10-11 14:59:59.999000+00:00,BTCUSDT,v3_fib,SHORT,trend,111934.5,113554.1,110022.0,101516.5,108566.0,6.432452457396865,70.69131331631331,48.625,22.066313316313312,-1.0,SL,1.502531489256601,1.0824277599407257,0.5878070973612368,False,True,False,False,49
2025-10-13 15:29:59.999000+00:00,BTCUSDT,v3_fib,SHORT,transition,114192.3,116066.21285714286,113600.5,101516.5,101516.5,6.764348700465559,73.85230763859795,48.625,25.22730763859795,0.7307170100149504,TIME,2.3428517410856875,0.8726659800463361,0.08238167938931829,False,True,False,False,49
2025-10-18 13:59:59.999000+00:00,BTCUSDT,v3_fib,SHORT,transition,106836.7,107557.09285714287,106270.0,103470.0,101516.5,4.673422239849204,73.77357881136948,45.625,28.148578811369475,-1.0,SL,1.0839918695156143,2.2852808487432097,0.6180525322884916,False,True,False,False,40
2025-10-31 09:59:59.999000+00:00,BTCUSDT,v3_fib,SHORT,transition,109813.3,110574.58,106200.0,106200.0,101516.5,4.746348255569578,70.44907601847964,41.75,28.699076018479648,-1.0,SL,1.5937631357713387,1.8648854560739796,0.37204506959275296,True,False,False,False,5
2025-10-31 13:29:59.999000+00:00,BTCUSDT,v3_fib,SHORT,transition,109879.9,110566.88428571429,107530.3,106200.0,101516.5,5.356599963816941,75.459726443769,50.0,25.459726443768997,-1.0,SL,1.863070271933825,1.969622927536277,0.4860995062666138,True,False,False,False,2
2025-11-01 11:59:59.999000+00:00,BTCUSDT,v3_fib,SHORT,transition,110096.2,110627.21714285715,109277.7,106200.0,103470.0,7.33723958333325,73.02686696518853,47.5,25.526866965188535,-1.0,SL,0.8317998880853852,2.108783143939377,0.6842757552285006,False,False,False,False,34
2025-11-08 21:29:59.999000+00:00,BTCUSDT,v3_fib,SHORT,transition,102037.6,102755.86285714286,101400.1,99200.0,98888.8,3.950642820773976,72.0092298052825,46.875,25.1342298052825,-1.0,SL,1.0269220977596918,4.175212417260724,0.5345400389506345,False,True,False,False,33
2025-11-15 14:59:59.999000+00:00,BTCUSDT,v3_fib,SHORT,trend,96201.8,96931.98857142858,94523.9,93955.0,,3.0770133742360004,72.09054473216464,46.75,25.340544732164645,1.1068373727334535,TIME,1.9197780612444493,0.545338581814476,0.7409868514067632,False,False,False,False,49
2025-11-20 06:59:59.999000+00:00,BTCUSDT,v3_fib,SHORT,transition,91938.1,93022.75857142857,88564.4,88564.4,89012.0,3.110379698153903,75.96957818021201,47.375,28.59457818021201,3.110379698153903,TP2,6.303458231095828,0.5167524737870163,0.544481870418079,False,True,True,True,19
2025-11-23 06:59:59.999000+00:00,BTCUSDT,v3_fib,SHORT,transition,85819.8,86577.93285714285,84175.0,80600.0,80600.0,6.885072914095451,73.30236503768373,48.0,25.30236503768373,-1.0,SL,0.621395043838922,3.00765225846209,0.43228115250505095,False,False,False,False,11
2025-12-14 03:29:59.999000+00:00,BTCUSDT,v3_fib,SHORT,transition,90228.2,90490.25857142857,89711.9,89200.0,83786.0,3.923550351339135,73.37533377837121,45.0,28.375333778371218,3.923550351339135,TP2,10.394241200167942,0.27398455089103496,0.7559483344663371,False,True,True,False,17
2025-12-25 21:59:59.999000+00:00,BTCUSDT,v3_fib,LONG,trend,87862.0,87160.14714285714,88594.0,90599.0,94555.0,3.8996777916412846,76.59266694843613,51.25,25.342666948436133,-1.0,SL,2.4158909987237798,1.7697441669702823,0.01901068760049729,True,False,False,False,4
2025-12-27 18:59:59.999000+00:00,BTCUSDT,v3_fib,SHORT,trend,87452.8,87699.27571428572,87264.8,86355.0,84408.6,4.453988512342611,76.38682432432432,48.0,28.386824324324323,-1.0,SL,0.017851657364134018,2.5377753821008344,0.0,True,False,False,False,7
2023-01-14 17:59:59.999000+00:00,ETHUSDT,v3_fib,LONG,trend,1530.18,1501.6608571428571,1567.25,1644.92,,4.023262570504013,74.07201583434836,45.625,28.44701583434836,0.4789765270444852,TIME,1.396255146918856,0.49650861075768826,0.7612826603325415,False,True,False,False,49
2023-01-20 09:29:59.999000+00:00,ETHUSDT,v3_fib,LONG,trend,1553.02,1534.9470000000001,1565.0,1614.6,1644.92,3.4072926464892594,74.88885088919287,46.25,28.638850889192867,3.4072926464892594,TP2,7.02595031262109,0.26392961876832943,0.6698961937716286,False,True,True,False,22
2023-02-01 16:29:59.999000+00:00,ETHUSDT,v3_fib,SHORT,transition,1577.8,1591.3025714285714,1565.87,1529.04,1319.52,3.6111640110878422,76.43667414609823,51.25,25.186674146098227,-1.0,SL,1.720413043018266,8.97606805053008,0.28647182143297545,False,True,False,False,7
2023-02-03 11:29:59.999000+00:00,ETHUSDT,v3_fib,LONG,transition,1644.81,1621.8647142857144,1687.25,1717.0,1682.44,3.1461800432084033,73.03761848341233,44.375,28.662618483412334,0.7334840023160808,TIME,1.4029025570145255,0.9941039865020563,0.5683194549583652,False,False,False,False,49
2023-02-07 16:59:59.999000+00:00,ETHUSDT,v3_fib,LONG,trend,1637.98,1619.4194285714286,1648.0,1696.99,1717.0,3.17932021797359,73.22305400512896,49.375,23.84805400512896,3.17932021797359,TP2,3.287614297589365,0.6734706443767138,0.7665732959850605,False,True,True,False,17
2023-02-18 15:29:59.999000+00:00,ETHUSDT,v3_fib,LONG,trend,1695.89,1684.2887142857141,1705.0,1744.5,1744.5,4.19005282665705,73.21899332591771,44.875,28.343993325917708,-1.0,SL,2.509204644805319,1.4446674629658973,0.6886486486486451,False,True,False,False,9
2023-02-19 13:29:59.999000+00:00,ETHUSDT,v3_fib,LONG,trend,1695.87,1686.6954285714287,1710.62,1744.5,1744.5,5.3005200710038505,72.35043221110095,51.875,20.475432211100955,-1.0,SL,3.6742860701941105,4.999688580237415,0.7546451757331577,False,True,False,False,8
2023-02-20 02:59:59.999000+00:00,ETHUSDT,v3_fib,LONG,transition,1679.04,1663.1747142857143,1729.58,1744.5,1744.5,4.125989356816797,72.57316468253967,50.625,21.948164682539673,1.7944839136659678,TIME,2.606319277488161,0.1443402937230417,0.8840506329113942,False,False,False,False,49
2023-03-04 01:59:59.999000+00:00,ETHUSDT,v3_fib,SHORT,trend,1570.47,1581.998142857143,1546.0,1534.85,1460.0,3.0898298573676723,79.85119047619048,54.375,25.47619047619048,-1.0,SL,1.9491430908212086,1.5275660805234201,0.8097469540768548,False,False,False,False,47
2023-03-08 02:29:59.999000+00:00,ETHUSDT,v3_fib,SHORT,transition,1562.67,1574.9162857142856,1524.0,1524.0,1534.85,3.157692128225535,74.19721407624634,45.625,28.572214076246336,3.157692128225535,TP2,3.484321776865362,0.2188418645886708,0.945355191256839,False,True,True,True,42
2023-03-16 05:59:59.999000+00:00,ETHUSDT,v3_fib,LONG,transition,1643.98,1607.3858571428573,1664.42,1779.05,1779.05,3.691027838178641,77.89377934272301,49.375,28.518779342723004,1.6565492526126373,TIME,2.214015513801981,0.2653430096151237,0.7838814600650523,False,True,False,False,49
2023-04-07 00:29:59.999000+00:00,ETHUSDT,v3_fib,LONG,transition,1871.97,1849.0447142857142,1882.29,1945.0,1895.0,3.1855655327554606,72.35159266409262,46.875,25.47659266409262,-1.0,SL,0.43489098126211206,1.3945300572667698,0.5952238805970165,False,False,False,False,15
2023-04-30 08:29:59.999000+00:00,ETHUSDT,v3_fib,LONG,trend,1905.01,1889.9434285714287,1908.93,1957.93,2146.1,3.512411582879837,72.65624999999997,49.375,23.281249999999968,-1.0,SL,2.3223598126410687,5.564636944607801,0.5079465988556897,False,True,False,False,24
2023-05-20 08:29:59.999000+00:00,ETHUSDT,v3_fib,LONG,transition,1812.21,1804.8262857142859,1822.05,1837.85,2023.66,3.4725070618736553,70.87871287128718,42.5,28.378712871287178,0.3101420113763878,TIME,2.26173431877108,0.2397167511511832,0.7301829268292688,False,True,False,False,49
2023-06-08 09:59:59.999000+00:00,ETHUSDT,v3_fib,SHORT,trend,1838.51,1853.0172857142857,1820.0,1775.0,1758.0,4.37780031708207,77.50176056338029,49.375,28.126760563380284,-1.0,SL,0.93125621608847,1.5785171982550747,0.09005905511810697,True,False,False,False,6
2023-06-09 01:29:59.999000+00:00,ETHUSDT,v3_fib,SHORT,trend,1843.34,1863.2155714285716,1836.68,1775.0,1758.0,3.4383917084144464,78.28089887640448,49.875,28.405898876404482,0.43017631119320154,TIME,0.9227407657641314,0.5750778054898652,0.7751479289940767,False,True,False,False,49
2023-06-11 08:29:59.999000+00:00,ETHUSDT,v3_fib,SHORT,transition,1751.35,1764.346857142857,1723.0,1712.08,,3.021499703224952,76.78959627329192,48.125,28.664596273291917,-1.0,SL,2.6044758073380287,2.0781947283958737,0.7020057306590153,False,False,False,False,19
2023-06-13 02:29:59.999000+00:00,ETHUSDT,v3_fib,SHORT,trend,1741.05,1749.8882857142858,1719.29,1712.08,1712.08,3.2777849615309718,72.63535196687371,47.375,25.260351966873714,-1.0,SL,2.095428977823731,2.882912006206736,0.06566604127579445,True,False,False,False,1
2023-06-25 01:59:59.999000+00:00,ETHUSDT,v3_fib,LONG,transition,1877.28,1860.9945714285714,1905.6,1938.48,1938.48,3.7579606659765896,70.40674603174604,41.875,28.53174603174604,-0.2634256741346311,TIME,3.2347935928700466,0.8154529026824996,0.9619603267211229,False,True,False,False,49
2023-07-08 09:59:59.999000+00:00,ETHUSDT,v3_fib,SHORT,trend,1863.0,1874.319857142857,1853.28,1823.74,1689.29,3.4682416486831356,71.14065708418889,42.75,28.390657084188884,-0.41254937593862706,TIME,1.9187521296331589,0.9708603086863907,0.8566878980891792,False,True,False,False,49
2023-07-25 04:59:59.999000+00:00,ETHUSDT,v3_fib,SHORT,trend,1847.35,1853.3331428571428,1833.03,1829.0,1823.74,3.066950002387641,78.01321138211384,49.375,28.63821138211384,-1.0,SL,0.023399073587677458,3.5416169237381254,0.01894451962109267,False,False,False,False,8
2023-08-05 20:59:59.999000+00:00,ETHUSDT,v3_fib,SHORT,transition,1833.65,1837.4497142857142,1829.35,1808.77,1808.47,6.547860741409448,74.3380952380953,52.5,21.838095238095303,-1.0,SL,2.2764869539064336,1.3027295285359901,0.04090909090910666,True,False,False,False,4
2023-08-06 19:59:59.999000+00:00,ETHUSDT,v3_fib,SHORT,transition,1831.26,1838.135857142857,1825.0,1808.77,1808.47,3.270864931125512,79.66463414634148,51.25,28.414634146341484,-1.0,SL,4.546342274210024,2.2688080447113235,0.4104265402843551,False,False,False,False,11
2023-08-08 06:29:59.999000+00:00,ETHUSDT,v3_fib,SHORT,transition,1834.59,1840.587,1800.0,1800.0,1808.47,5.767883941970903,74.07625482625483,45.5,28.576254826254825,-1.0,SL,0.9121227280306757,7.238619309654755,0.7322623828647935,False,False,False,False,13
2023-08-19 12:29:59.999000+00:00,ETHUSDT,v3_fib,SHORT,trend,1657.88,1672.7777142857144,1653.36,1492.66,1492.66,11.090291895209226,73.56205035971229,44.875,28.687050359712288,-1.0,SL,0.044973342027545014,2.5681792029457986,0.023207481815035513,True,False,False,False,7
2023-08-21 02:59:59.999000+00:00,ETHUSDT,v3_fib,SHORT,transition,1677.91,1695.886,1663.07,1492.66,1492.66,10.305407209612882,73.36072938689217,44.875,28.485729386892178,0.8834000890075774,TIME,1.7072763684913357,0.5490654205607451,0.44674887892377035,False,True,False,False,49
2023-08-25 10:29:59.999000+00:00,ETHUSDT,v3_fib,SHORT,trend,1652.96,1666.9987142857144,1642.36,1575.0,1492.66,5.55321508888682,73.56145870258776,48.125,25.436458702587753,-1.0,SL,1.3199214417274574,1.6931749956752122,0.10369532428355965,False,False,False,False,8
2023-08-31 05:29:59.999000+00:00,ETHUSDT,v3_fib,LONG,transition,1703.03,1693.088,1708.0,1747.15,1865.38,4.437738885536118,72.54408713692942,44.375,28.16908713692942,-1.0,SL,2.712733856366929,7.516596258298126,0.8207885304659475,False,True,False,False,21
2023-09-02 07:29:59.999000+00:00,ETHUSDT,v3_fib,SHORT,trend,1630.85,1639.9098571428572,1601.22,1601.22,1492.66,3.270470994496864,76.5178571428571,48.125,28.392857142857093,-1.0,SL,0.36755546445070414,1.5607310112111432,0.24430955993928982,False,False,False,False,16
2023-09-03 16:29:59.999000+00:00,ETHUSDT,v3_fib,SHORT,transition,1632.12,1641.3395714285714,1627.19,1601.22,1492.66,3.3515657684738587,71.59704968944096,48.125,23.472049689440965,-1.0,SL,1.635650866944523,1.748454375009684,0.4301470588235211,True,True,False,False,4
2023-09-15 16:59:59.999000+00:00,ETHUSDT,v3_fib,LONG,transition,1622.03,1615.443142857143,1635.19,1644.45,1747.15,3.403747722737968,72.06356655290102,43.625,28.438566552901023,3.403747722737968,TP2,4.8399410080680845,0.8243688730806121,0.13535031847135504,False,True,True,False,12
2023-09-19 02:59:59.999000+00:00,ETHUSDT,v3_fib,LONG,transition,1638.96,1629.106,1668.64,1668.64,1747.15,3.011974832555301,70.88137472283816,42.5,28.381374722838157,-0.15526689669169538,TIME,2.205195859549414,0.7560381570935675,0.055766793409385174,False,False,False,False,49
2023-09-23 09:59:59.999000+00:00,ETHUSDT,v3_fib,SHORT,transition,1592.18,1599.321,1588.35,1565.5,1528.61,3.7361714045652747,78.09018105849584,49.375,28.715181058495848,-0.13583531718247413,TIME,0.7912057134855357,0.48592634084863473,0.5156576200417633,False,True,False,False,49
2023-10-15 04:29:59.999000+00:00,ETHUSDT,v3_fib,SHORT,transition,1553.23,1562.624,1548.13,1514.5,1514.5,4.122844368746008,76.08974358974359,47.5,28.589743589743595,-1.0,SL,0.754737066212467,1.4658292527144958,0.36203090507728697,False,True,False,False,29
2023-10-17 09:29:59.999000+00:00,ETHUSDT,v3_fib,LONG,trend,1587.31,1574.93,1604.3,1642.0,1780.0,4.417609046849805,71.01685110663988,42.375,28.64185110663988,-1.0,SL,0.5201938610662452,3.7407108239095628,0.23781388478582244,True,False,False,False,7
2023-10-30 04:59:59.999000+00:00,ETHUSDT,v3_fib,LONG,transition,1786.04,1779.8325714285713,1813.1,1825.59,1872.64,6.371398324587977,70.74649298597195,42.5,28.24649298597195,-1.0,SL,7.508745282150361,1.4659854552149199,0.8276307295029054,True,False,False,False,3
2023-11-04 20:59:59.999000+00:00,ETHUSDT,v3_fib,LONG,trend,1837.76,1826.3367142857144,1847.99,1876.26,1876.26,3.37030876780514,75.62044270833334,47.375,28.24544270833334,3.37030876780514,TP2,6.758125633105376,0.0017508097495075713,0.9993928354584097,False,True,True,True,14
2023-12-12 10:59:59.999000+00:00,ETHUSDT,v3_fib,SHORT,transition,2226.49,2248.6895714285715,2181.98,2114.63,1928.74,5.038836013565169,72.74087436332768,44.375,28.365874363327677,2.0491386577604067,TIME,3.6559264335861754,0.37433155080215175,0.7513464991023225,False,True,False,False,49
2023-12-24 07:59:59.999000+00:00,ETHUSDT,v3_fib,LONG,transition,2296.11,2282.2332857142856,2328.79,2345.95,2407.63,3.591628318766183,71.38499825358012,49.25,22.134998253580125,-1.0,SL,0.9382624540597095,3.956988583135101,0.1639603960395989,True,False,False,False,6
2024-01-04 03:59:59.999000+00:00,ETHUSDT,v3_fib,SHORT,trend,2231.78,2258.652,2188.88,2067.16,2116.56,6.126079190235237,70.91996516782777,42.375,28.544965167827765,-1.0,SL,0.980946710330466,2.373102113724336,0.40753138075314643,False,False,False,False,22
2024-01-05 15:29:59.999000+00:00,ETHUSDT,v3_fib,SHORT,transition,2229.64,2275.9381428571432,2207.03,2067.16,2067.16,3.5094280239564912,78.76852531181218,50.5,28.268525311812184,-1.0,SL,0.5106036342093242,1.04799020016229,0.7222731439046703,False,True,False,False,16
2024-01-06 19:29:59.999000+00:00,ETHUSDT,v3_fib,SHORT,transition,2241.69,2257.031,2215.56,2067.16,2067.16,11.376702952871481,70.69915966386554,46.875,23.824159663865544,-1.0,SL,1.407991656345744,1.0618603741607506,0.6624999999999952,False,False,False,False,37
2024-01-07 14:59:59.999000+00:00,ETHUSDT,v3_fib,SHORT,trend,2249.07,2257.2188571428574,2230.0,2202.1,2067.16,5.763998457277088,71.89096568569043,49.875,22.015965685690432,5.763998457277088,TP2,10.26401598821918,3.1759054731600647,0.9853791227473704,False,True,True,False,17
2024-01-13 17:59:59.999000+00:00,ETHUSDT,v3_fib,LONG,transition,2555.76,2517.706714285714,2562.0,2719.89,2691.9,4.313162370059967,71.42940064794817,54.25,17.179400647948164,-0.8385609652629938,TIME,0.9336907269129949,0.8942723173895196,0.8835082966474743,False,True,False,False,49
2024-01-16 05:59:59.999000+00:00,ETHUSDT,v3_fib,LONG,transition,2531.09,2496.4845714285716,2555.0,2691.23,2719.89,4.627597651896068,72.24032170119953,50.0,22.24032170119953,1.0056225695390413,TIME,2.390087434671689,0.898413956522103,0.6855162349507389,False,True,False,False,49
2024-01-21 06:59:59.999000+00:00,ETHUSDT,v3_fib,SHORT,transition,2470.34,2483.715285714286,2453.79,2415.55,2067.16,4.0963610924198814,70.05910462776659,41.875,28.184104627766583,4.0963610924198814,TP2,5.169235370138932,0.9240924092408911,0.2567648827420367,False,True,True,False,45
2024-01-29 02:29:59.999000+00:00,ETHUSDT,v3_fib,SHORT,trend,2267.59,2288.634142857143,2236.56,2169.04,2165.43,4.683013257845726,71.33386075949369,45.875,25.45886075949369,-1.0,SL,1.6912069187897492,2.855426348695563,0.33779264214048454,False,True,False,False,29
2024-03-21 22:59:59.999000+00:00,ETHUSDT,v3_fib,SHORT,transition,3485.6,3601.5558571428573,3414.06,3055.0,3153.0,3.7134821009472714,76.40569178304642,48.125,28.280691783046425,1.5012609478237364,TIME,2.030945273509249,0.515368533099419,0.45155067517435665,False,True,False,False,49
2024-03-29 00:59:59.999000+00:00,ETHUSDT,v3_fib,LONG,trend,3567.53,3529.4197142857142,3615.83,3684.45,4098.64,3.067938164425022,76.79866412213742,48.125,28.67366412213742,-1.0,SL,0.5615281963624236,2.4279534583839277,0.5874279440021887,False,False,False,False,14
2024-04-06 11:59:59.999000+00:00,ETHUSDT,v3_fib,SHORT,transition,3332.05,3359.6248571428573,3308.0,3203.12,3055.0,4.675636190318316,74.74025974025975,46.25,28.490259740259745,-1.0,SL,0.6179542440318293,3.0846941312997345,0.350761630300535,True,False,False,False,7
2024-04-14 21:59:59.999000+00:00,ETHUSDT,v3_fib,SHORT,transition,3064.39,3112.7498571428573,2976.6,2791.61,3062.04,5.64062873871182,76.17908841940532,48.125,28.054088419405318,-1.0,SL,0.874899193250594,4.4117169198774375,9.179364787736954e-05,True,False,False,False,1
2024-04-15 01:29:59.999000+00:00,ETHUSDT,v3_fib,SHORT,transition,3121.95,3181.4462857142858,2976.6,2791.61,2791.61,5.552279373982504,70.80051849775784,45.0,25.80051849775784,-1.0,SL,1.6785921810244977,2.61848278644044,0.24842908438060418,False,False,False,False,10
2024-04-16 19:59:59.999000+00:00,ETHUSDT,v3_fib,SHORT,trend,3056.04,3138.348571428571,2991.14,2791.61,2791.61,3.2126666203832333,80.5670158817517,55.625,24.9420158817517,0.6453762843654544,TIME,1.7445327686753742,0.814981949458485,0.09576901086334788,False,True,False,False,49
2024-04-20 07:59:59.999000+00:00,ETHUSDT,v3_fib,SHORT,transition,3059.77,3113.4084285714284,3016.4,2861.76,2791.61,3.691569743440874,72.91054340396448,50.625,22.285543403964486,-1.0,SL,0.5945364331010007,2.5474273508598615,0.9851714550509725,False,False,False,False,16
2024-05-03 04:29:59.999000+00:00,ETHUSDT,v3_fib,SHORT,transition,3010.36,3022.7484285714286,2951.08,2814.44,2791.61,15.814758011508598,70.6626652937351,48.75,21.9126652937351,-1.0,SL,4.318546108695946,9.576678697863297,0.9877369007803818,False,False,False,False,17
2024-05-25 19:29:59.999000+00:00,ETHUSDT,v3_fib,LONG,transition,3761.76,3716.5732857142857,3776.91,3952.89,3952.89,4.2297830904785245,78.70590352771777,50.0,28.705903527717762,2.650115236147147,TIME,2.777365028279474,0.7028614605430812,0.037575757575750934,False,True,False,False,49
2024-06-08 16:59:59.999000+00:00,ETHUSDT,v3_fib,SHORT,trend,3684.33,3714.0350000000003,3659.0,3555.02,3045.06,4.353139202154462,73.91842501883949,45.5,28.41842501883949,-1.0,SL,0.5931661336475228,1.0301296078101168,0.5268774703557246,False,False,False,False,40
2024-06-25 02:59:59.999000+00:00,ETHUSDT,v3_fib,SHORT,transition,3343.71,3371.4137142857144,3241.0,3213.0,3341.85,4.718139909037459,73.58142493638674,45.0,28.581424936386743,-1.0,SL,0.092406381815742,3.1605870280416157,0.0484573159189845,True,False,False,True,1
2024-06-25 12:59:59.999000+00:00,ETHUSDT,v3_fib,SHORT,transition,3364.55,3400.4042857142854,3330.0,3213.0,3341.85,4.226830823173227,74.28253968253968,46.25,28.03253968253968,-1.0,SL,0.210574547772739,1.8608654076022206,0.11353383458646893,True,False,False,False,3
2024-06-26 03:59:59.999000+00:00,ETHUSDT,v3_fib,SHORT,transition,3393.93,3436.4241428571427,3357.0,3213.0,3213.0,4.257763254767882,71.72337620281273,46.25,25.47337620281273,0.2760380422175835,TIME,1.6093982700136804,0.5417217162701413,0.6222879684418077,False,True,False,False,49
2024-06-27 06:29:59.999000+00:00,ETHUSDT,v3_fib,SHORT,transition,3374.39,3421.6885714285713,3325.54,3213.0,3213.0,3.412153795040619,72.8555194805195,50.625,22.2305194805195,-1.0,SL,0.20846295569179885,2.401552447974873,0.2228248587570547,False,False,False,False,12
2024-07-07 01:29:59.999000+00:00,ETHUSDT,v3_fib,SHORT,transition,3042.85,3084.0981428571426,2988.0,2800.0,2800.0,5.887537793909351,70.64568696330993,45.25,25.395686963309924,4.543234846936847,TIME,5.372120649587695,0.7066984833949277,0.4875175808720106,False,True,False,False,49
2024-07-26 14:59:59.999000+00:00,ETHUSDT,v3_fib,SHORT,transition,3239.27,3279.954142857143,3169.14,3085.57,2800.0,3.7778846795346657,80.35285462036492,51.75,28.60285462036492,-1.0,SL,0.05038818212782538,2.153910438956562,0.0776515151515218,False,False,False,False,10
2024-08-06 11:29:59.999000+00:00,ETHUSDT,v3_fib,SHORT,trend,2447.09,2555.663,2409.17,2112.0,,3.0863105928730032,71.50927350880916,48.0,23.509273508809162,-1.0,SL,0.31996905307949747,1.0237351827802472,0.23812461443553545,True,False,False,False,6
2024-08-06 23:59:59.999000+00:00,ETHUSDT,v3_fib,SHORT,transition,2459.87,2567.4072857142855,2412.35,2112.0,,3.234878002446993,71.6674430641822,49.375,22.292443064182198,1.2564944251894026,TIME,1.421553454549319,0.8367330401017063,0.3427898209236562,False,True,False,False,49
2024-08-18 01:59:59.999000+00:00,ETHUSDT,v3_fib,SHORT,transition,2607.12,2630.4514285714286,2591.2,2513.65,2112.0,4.006184178300246,76.45474262579525,51.25,25.20474262579525,-1.0,SL,0.6051922605926945,3.477283859906923,0.31128747795414136,True,False,False,False,2
2024-08-30 11:29:59.999000+00:00,ETHUSDT,v3_fib,SHORT,trend,2513.34,2542.679142857143,2502.84,2388.0,2388.0,4.272108446054553,72.90028782894734,44.875,28.02528782894734,-1.0,SL,2.806489623808298,1.3286005044455589,0.649838303988502,True,False,False,False,3
2024-08-31 06:29:59.999000+00:00,ETHUSDT,v3_fib,SHORT,transition,2525.4,2544.2045714285714,2431.0,2388.0,2388.0,7.30673392488154,78.39734121122602,50.0,28.39734121122602,2.653610064422047,TIME,3.610824115716571,0.17867995624165128,0.929835265405731,False,False,False,False,49
2024-09-04 23:59:59.999000+00:00,ETHUSDT,v3_fib,SHORT,transition,2449.67,2493.908428571429,2385.84,2304.87,2388.0,3.273172322705843,71.02729624251222,45.625,25.402296242512225,1.7866819087477168,TIME,2.3423074314832784,0.3517303960034715,0.7507608521544131,False,True,False,True,49
2024-09-09 04:59:59.999000+00:00,ETHUSDT,v3_fib,SHORT,transition,2295.81,2338.372714285714,2238.88,2150.0,2150.0,3.425768361980137,76.49524087024088,48.125,28.370240870240877,-1.0,SL,0.5777357110012489,2.0369941498091966,0.302292263610314,False,False,False,False,9
2024-09-13 13:29:59.999000+00:00,ETHUSDT,v3_fib,LONG,trend,2346.0,2333.5505714285714,2370.46,2399.99,2819.35,4.336745232139142,73.24570662874642,48.0,25.245706628746422,4.336745232139142,TP2,9.459871939044799,0.19679618112132158,0.9674505114919647,False,True,True,False,5
2024-10-05 01:59:59.999000+00:00,ETHUSDT,v3_fib,SHORT,transition,2417.01,2444.0381428571427,2351.18,2308.09,2251.06,4.029873623789019,70.42083946980857,41.75,28.670839469808573,-0.05734763236202604,TIME,1.0489066951379,0.3696147401914377,0.9708904109589075,False,False,False,False,49
2024-10-24 07:29:59.999000+00:00,ETHUSDT,v3_fib,SHORT,transition,2550.13,2566.0194285714283,2443.01,2443.01,2308.09,6.741589196770691,71.0074209714726,42.375,28.6324209714726,4.205941056947211,TIME,5.610648589358741,0.6211677125851947,0.9286808138263014,False,False,False,False,49
2024-10-26 13:29:59.999000+00:00,ETHUSDT,v3_fib,SHORT,trend,2472.46,2483.4144285714283,2380.63,2380.63,2329.44,8.382911020983272,71.48280270537772,49.375,22.10780270537772,-1.0,SL,2.809822511443613,3.1621914163874516,0.8292025862068942,False,False,False,False,10
2024-11-13 00:59:59.999000+00:00,ETHUSDT,v3_fib,LONG,trend,3251.47,3198.320857142857,3379.63,3449.0,3252.28,3.716522776875877,71.07703081232495,42.5,28.577030812324946,-1.0,SL,1.5716151853006755,2.4736052724946602,0.27115930427188895,False,False,False,True,8
2024-12-07 05:29:59.999000+00:00,ETHUSDT,v3_fib,LONG,trend,3998.58,3968.556714285714,4092.83,4092.83,,3.1392300262177177,72.48598635342893,47.375,25.110986353428927,-1.0,SL,1.0028882343704604,1.2540266364678765,0.039327731092439366,False,False,False,False,49
2024-12-08 11:59:59.999000+00:00,ETHUSDT,v3_fib,LONG,transition,3974.4,3935.6025714285715,4025.59,4092.83,4092.83,3.05252189025782,72.4549672489083,43.75,28.704967248908307,-1.0,SL,1.1642524173177922,3.4968812366062587,0.6658491722869413,False,False,False,False,32
2024-12-22 07:59:59.999000+00:00,ETHUSDT,v3_fib,SHORT,trend,3331.31,3400.307142857143,3291.03,3100.0,3100.0,3.3524576587022166,78.11428786964393,49.875,28.239287869643928,-1.0,SL,1.6884757132800499,1.0256946457410223,0.017901748542880402,True,False,False,False,5
2024-12-23 04:59:59.999000+00:00,ETHUSDT,v3_fib,SHORT,trend,3324.01,3387.0207142857143,3214.81,3100.0,3100.0,3.555109675225314,70.26585351585352,44.875,25.39085351585352,-1.0,SL,1.0475996145780258,2.249458708836368,0.9042465753424688,False,False,False,False,32
2025-01-07 06:59:59.999000+00:00,ETHUSDT,v3_fib,LONG,transition,3671.51,3648.1150000000002,3744.28,3744.28,4039.99,3.110493695234026,72.5900436575309,47.5,25.0900436575309,-1.0,SL,0.3201538790339725,15.622996366745044,0.26025017373174875,False,False,False,False,10
2025-02-04 20:59:59.999000+00:00,ETHUSDT,v3_fib,SHORT,transition,2731.33,2856.642714285714,2675.28,2080.19,,5.196120790388388,81.56611443733841,53.125,28.441114437338413,-0.32853809156293634,TIME,0.8046270530068202,0.771270501568078,0.8656421703296695,False,True,False,False,49
2025-02-09 00:29:59.999000+00:00,ETHUSDT,v3_fib,SHORT,trend,2630.8,2653.3188571428573,2587.05,2560.68,2080.19,3.113834754364619,74.72014094955493,46.125,28.59514094955493,-1.0,SL,5.003806333739368,2.9841656516443353,0.07501720578114612,True,False,False,False,2
2025-02-10 12:59:59.999000+00:00,ETHUSDT,v3_fib,SHORT,transition,2638.1,2670.833714285714,2525.0,2518.12,2080.19,3.6653341247119844,76.95776850886338,48.75,28.207768508863385,-1.0,SL,0.05468368130717051,2.639174987780195,0.03627888123226508,True,False,False,False,2
2025-02-10 15:29:59.999000+00:00,ETHUSDT,v3_fib,SHORT,transition,2650.83,2675.323571428571,2556.91,2518.12,2080.19,5.418156367560062,85.14639639639638,56.875,28.271396396396387,-1.0,SL,1.0908984864833378,3.0073197048788582,0.08526795400303455,True,False,False,False,2
2025-02-16 15:59:59.999000+00:00,ETHUSDT,v3_fib,LONG,transition,2692.96,2682.0255714285713,2726.27,2791.0,3436.39,8.966174991181068,72.88860868774991,47.5,25.38860868774991,-1.0,SL,14.248572660404044,5.500973334552654,0.21789709172259109,True,False,False,False,5
2025-03-02 02:59:59.999000+00:00,ETHUSDT,v3_fib,SHORT,transition,2208.91,2240.2355714285713,2141.17,2070.0,2070.0,4.43439636262477,71.7722392638037,43.125,28.6472392638037,-1.0,SL,1.2392431559793569,10.888548379005723,0.0034682080924736125,False,False,False,False,14
2025-03-07 14:29:59.999000+00:00,ETHUSDT,v3_fib,SHORT,trend,2183.99,2235.792857142857,2100.75,1979.99,1979.99,3.9380067288070073,77.13023966621385,48.625,28.505239666213853,-1.0,SL,1.562076002426774,1.4545529755667146,0.3695088277131602,True,False,False,False,1
2025-03-13 13:29:59.999000+00:00,ETHUSDT,v3_fib,SHORT,transition,1899.14,1926.1787142857142,1852.18,1752.5,1752.5,5.423334795082215,71.47920475319927,43.0,28.479204753199273,-0.17271531296394632,TIME,2.9195175172107883,0.5584585065857944,0.994870946393118,False,True,False,False,49
2025-04-05 02:59:59.999000+00:00,ETHUSDT,v3_fib,SHORT,transition,1814.91,1833.3494285714287,1768.57,1747.47,1747.47,3.65738014812978,74.29645721925137,45.625,28.67145721925137,0.6578294958009281,TIME,2.9138646998667403,0.3443707583129263,0.9405705229793984,False,True,False,False,49
2025-05-03 10:29:59.999000+00:00,ETHUSDT,v3_fib,LONG,transition,1825.61,1816.1467142857143,1847.23,1872.71,1872.71,4.977129658982923,74.31799221357062,45.625,28.692992213570623,-1.0,SL,2.5276633002732813,1.8872937517926593,0.5302954431647537,False,False,False,False,14
2025-05-26 15:59:59.999000+00:00,ETHUSDT,v3_fib,LONG,transition,2565.0,2540.1679999999997,2598.6,2734.3,2738.62,6.8178157216494,70.39905833716126,45.0,25.399058337161264,-1.0,SL,4.782538659793759,2.2954252577319276,0.1514269073966249,True,False,False,False,1
2025-05-26 20:59:59.999000+00:00,ETHUSDT,v3_fib,LONG,transition,2565.07,2517.018285714286,2598.6,2725.39,2738.62,3.3364054203506868,70.84755608974359,42.375,28.472556089743595,-1.0,SL,3.053585125549259,1.1876787508696018,0.5317653419843129,False,False,False,False,9
2025-05-28 15:59:59.999000+00:00,ETHUSDT,v3_fib,LONG,trend,2626.17,2601.4274285714287,2682.13,2711.8,2738.62,3.4608367302162915,70.5603430775477,42.125,28.435343077547696,3.4608367302162915,TP2,6.576115197635083,0.653125324772798,0.7756817715808887,False,True,True,False,18
2025-06-06 13:29:59.999000+00:00,ETHUSDT,v3_fib,SHORT,trend,2481.12,2504.5774285714288,2379.62,2379.62,2312.62,4.326987491017108,71.43859393232205,43.0,28.438593932322053,-1.0,SL,1.0772706787980517,2.0697068245209986,0.03209728867622963,True,False,False,False,1
2025-06-23 15:59:59.999000+00:00,ETHUSDT,v3_fib,SHORT,transition,2247.17,2292.0334285714284,2223.5,2111.0,2213.07,3.0352116263963174,73.57322972416634,48.125,25.448229724166335,-1.0,SL,1.3409585917896887,4.654347798397698,0.4347763243477626,False,True,False,True,5
2025-08-27 13:29:59.999000+00:00,ETHUSDT,v3_fib,LONG,trend,4605.0,4529.751857142857,4643.93,4957.67,4957.67,4.686760185823294,73.54696703028614,48.125,25.421967030286144,-1.0,SL,0.7641384599904708,1.8605110330202768,0.6417410714285688,False,True,False,False,14
2025-09-07 15:29:59.999000+00:00,ETHUSDT,v3_fib,SHORT,transition,4298.2,4317.206714285714,4276.78,4220.0,4060.0,4.114335535562624,74.13213315217395,45.625,28.507133152173946,-1.0,SL,1.6183754613031651,4.4484279991281515,0.8623493131483082,False,True,False,False,16
2025-09-15 01:59:59.999000+00:00,ETHUSDT,v3_fib,LONG,transition,4616.23,4568.651,4666.04,4768.0,4796.8,3.1898526660922113,73.77075019952117,50.0,23.770750199521174,-1.0,SL,1.0880850795519186,3.220538472855681,0.8602091359383625,False,True,False,False,13
2025-09-17 12:59:59.999000+00:00,ETHUSDT,v3_fib,LONG,transition,4500.39,4455.119571428571,4554.09,4691.3,4768.0,4.217101671542089,73.08031959629939,44.375,28.705319596299393,-1.0,SL,3.1413442392226765,2.1274373368928847,0.22219780219779495,False,False,False,False,10
2025-09-28 03:29:59.999000+00:00,ETHUSDT,v3_fib,SHORT,transition,4001.3,4036.0612857142855,3979.6,3822.0,3822.0,5.158037060934021,76.54326923076925,48.125,28.41826923076925,-1.0,SL,1.0989236794628043,4.1048539220561775,0.28183716075156795,False,True,False,False,26
2025-10-03 09:59:59.999000+00:00,ETHUSDT,v3_fib,LONG,trend,4471.75,4446.948857142857,4559.0,4559.0,4768.0,3.5179830422561507,71.81540247678016,43.375,28.44040247678016,-1.0,SL,4.801391640938248,1.5366227362794356,0.5499031860587935,True,False,False,False,7
2025-10-15 05:59:59.999000+00:00,ETHUSDT,v3_fib,SHORT,trend,4108.34,4176.170714285714,3948.19,3640.0,3400.0,6.904541768899514,72.18625939045991,46.875,25.311259390459913,-1.0,SL,2.7029053420806197,1.5889556985352258,0.2547365509611408,True,False,False,False,5
2025-10-19 06:59:59.999000+00:00,ETHUSDT,v3_fib,SHORT,transition,3879.36,3912.3465714285717,3851.95,3671.0,3400.0,6.31650974855567,73.28904550398842,48.0,25.28904550398842,-1.0,SL,2.102673815318784,6.234051951876494,0.4624000000000008,True,True,False,False,3
2025-10-31 15:59:59.999000+00:00,ETHUSDT,v3_fib,SHORT,transition,3858.58,3894.1955714285714,3805.49,3677.7,3400.0,5.07867746451191,81.46638274737222,53.0,28.466382747372226,-1.0,SL,1.5706613078549112,1.376645046909663,0.5470369646000385,False,True,False,False,8
2025-12-12 13:29:59.999000+00:00,ETHUSDT,v3_fib,LONG,transition,3239.27,3177.8154285714286,3264.78,3446.12,3446.12,3.365900944251503,76.71368501529051,48.125,28.58868501529051,-1.0,SL,0.12789935422681775,3.2246584003979737,0.03814978401203761,True,False,False,False,4
2025-12-14 09:29:59.999000+00:00,ETHUSDT,v3_fib,SHORT,transition,3109.5,3131.4785714285713,3075.0,3041.1,2718.07,3.112122196945101,72.88530465949822,44.375,28.51030465949822,3.112122196945101,TP2,3.957946051348732,2.388690282742947,0.9516254471924074,False,True,True,False,29
