asset,setup_time,direction,regime,v3_nofib_score,v3_fib_score,segment_gate,entry,stop,tp,R,outcome,MFE,MAE,false_start,split,tier
BTCUSDT,2026-01-02 00:00:00+00:00,LONG,BULL_TREND,59.0,60.0,True,88599.9,87730.6255866008,91207.72324019758,1.6082378342798411,TIME,2.6978822381638783,0.3169309895165209,False,OOS,55-59
BTCUSDT,2026-01-02 06:00:00+00:00,LONG,BULL_TREND,65.0,65.0,True,88750.1,87961.60440855254,91115.58677434242,1.6327294837966901,TIME,2.7837822098289196,0.4424882063823847,False,OOS,65-69
BTCUSDT,2026-01-02 12:00:00+00:00,LONG,BULL_TREND,58.0,58.0,True,89435.3,88290.94376699853,92868.36869900441,0.1740716695163415,TIME,1.3193444108221724,0.903652175938014,False,OOS,55-59
BTCUSDT,2026-01-02 18:00:00+00:00,LONG,BULL_TREND,61.0,61.0,True,90302.0,88345.17068135705,96172.48795592885,-0.14707465656718105,TIME,0.10619219470000119,0.5318808288920115,False,OOS,60-64
BTCUSDT,2026-01-03 00:00:00+00:00,LONG,BULL_TREND,60.0,60.0,True,89997.8,88348.21911306624,94946.5426608013,0.8334844389205156,TIME,0.9698221000691315,0.4465376665276451,False,OOS,60-64
BTCUSDT,2026-01-03 06:00:00+00:00,LONG,BULL_TREND,67.0,67.0,True,90037.4,89467.5094824077,91747.07155277689,-1.0,SL,3.0572538868710355,1.3620159943691013,False,OOS,65-69
BTCUSDT,2026-01-03 13:00:00+00:00,LONG,BULL_TREND,79.0,79.0,True,89886.2,89222.7032308947,91876.6903073159,1.901893209972413,TIME,2.853819473082446,0.02969117698427034,False,OOS,75+
BTCUSDT,2026-01-03 19:00:00+00:00,LONG,BULL_TREND,67.0,67.0,True,90030.7,89229.78794868125,92433.43615395625,1.1762839608278828,TIME,2.183760373089857,0.07216772416500862,False,OOS,65-69
BTCUSDT,2026-01-04 01:00:00+00:00,LONG,BULL_TREND,68.0,68.0,True,91249.8,89597.36458638568,96207.10624084297,1.0034280228679429,TIME,1.0204332260779996,0.2781954418384855,False,OOS,65-69
BTCUSDT,2026-01-04 07:00:00+00:00,LONG,BULL_TREND,67.0,67.0,True,91281.9,89935.40698501976,95321.37904494071,0.9672534394982533,TIME,1.560052652802536,0.3652451178940621,False,OOS,65-69
BTCUSDT,2026-01-04 13:00:00+00:00,LONG,BULL_TREND,65.0,65.0,True,91148.1,90932.08371292285,91796.14886123149,-1.0,SL,10.343664499713746,1.6572824431156155,False,OOS,65-69
BTCUSDT,2026-01-04 20:00:00+00:00,LONG,BULL_TREND,62.0,62.0,True,91220.1,90757.03406000357,92609.29781998931,3.0,TP3R,7.0573102397147975,0.2448895291259852,False,OOS,60-64
BTCUSDT,2026-01-05 02:00:00+00:00,LONG,BULL_TREND,68.0,68.0,True,92821.7,90745.24391019205,99051.06826942385,0.42707380346387297,TIME,0.9336099181270454,0.34660015375839776,False,OOS,65-69
BTCUSDT,2026-01-05 08:00:00+00:00,LONG,BULL_TREND,61.0,61.0,True,92612.6,90912.19612158972,97713.81163523087,0.4270750080145213,TIME,1.2630528707143898,0.1885434419849333,False,OOS,60-64
BTCUSDT,2026-01-05 14:00:00+00:00,LONG,BULL_TREND,57.0,57.0,True,92707.5,92059.41028549758,94651.76914350726,3.0,TP3R,3.1674627047214687,0.5193725381962506,False,OOS,55-59
BTCUSDT,2026-01-05 20:00:00+00:00,LONG,BULL_TREND,50.0,50.0,True,94362.8,92236.40820481398,100741.97538555806,-1.0,SL,0.18693638721702555,1.4831697559875616,True,OOS,<55
BTCUSDT,2026-01-06 02:00:00+00:00,LONG,BULL_TREND,62.0,62.0,True,93708.5,92317.67142628576,97880.98572114273,-1.0,SL,0.5082581803106041,1.7971301763847296,False,OOS,60-64
BTCUSDT,2026-01-06 10:00:00+00:00,LONG,BULL_TREND,67.0,67.0,True,93550.9,93043.39303600606,95073.42089198179,-1.0,SL,1.7034249012006393,4.614517959655022,False,OOS,65-69
BTCUSDT,2026-01-06 23:00:00+00:00,LONG,BULL_TREND,66.0,66.0,True,93440.5,91147.54950130783,100319.3514960765,-1.0,SL,0.13210054040536834,1.22392524461417,True,OOS,65-69
BTCUSDT,2026-01-10 04:00:00+00:00,SHORT,BEAR_TREND,71.0,71.0,False,90500.0,92044.15909525903,85867.5227142229,-0.12019486889002927,TIME,0.09610408697887438,0.1942804992834464,False,OOS,70-74
BTCUSDT,2026-01-10 14:00:00+00:00,SHORT,BEAR_TREND,69.0,69.0,False,90575.8,90829.22205415295,89815.53383754115,-1.0,SL,0.8574628626001655,1.5949677361388852,False,OOS,65-69
BTCUSDT,2026-01-10 21:00:00+00:00,SHORT,BEAR_TREND,67.0,67.0,False,90497.2,90822.91252765775,89520.06241702673,-1.0,SL,0.5596960034388203,2.318916025218518,False,OOS,65-69
BTCUSDT,2026-01-13 20:00:00+00:00,LONG,BULL_TREND,54.0,54.0,True,94289.9,91640.59652686113,102237.81041941658,1.2408167027030885,TIME,1.3747764410261307,0.10500873260487188,False,OOS,<55
BTCUSDT,2026-01-14 02:00:00+00:00,LONG,BULL_TREND,57.0,57.0,True,95437.1,91627.9284942116,106864.6145173652,0.2369281610524927,TIME,0.6549980740453953,0.26874610356724604,False,OOS,55-59
BTCUSDT,2026-01-14 08:00:00+00:00,LONG,BULL_TREND,48.0,48.0,True,95229.0,93364.99268923304,100821.02193230088,0.6481734234737923,TIME,1.450155256573428,0.31437644939218934,False,OOS,<55
BTCUSDT,2026-01-14 14:00:00+00:00,LONG,BULL_TREND,63.0,63.0,True,95428.7,94357.7105943227,98641.66821703187,1.543432634569012,TIME,2.3374647655051892,0.11083209541641695,False,OOS,60-64
BTCUSDT,2026-01-14 20:00:00+00:00,LONG,BULL_TREND,56.0,56.0,True,97577.2,94568.0423115252,106604.67306542437,-0.6896614318181112,TIME,0.049847836347861295,0.8298667795191939,False,OOS,55-59
BTCUSDT,2026-01-15 02:00:00+00:00,LONG,BULL_TREND,62.0,62.0,True,96339.6,94777.11270168981,101027.0618949306,-0.5863727666720022,TIME,0.5218602422444238,0.806150553263532,False,OOS,60-64
BTCUSDT,2026-01-15 08:00:00+00:00,LONG,BULL_TREND,62.0,62.0,True,96437.2,95672.40207596202,98731.59377211393,-1.0,SL,0.9385485726872314,1.7745864068697446,False,OOS,60-64
BTCUSDT,2026-01-15 14:00:00+00:00,LONG,BULL_TREND,56.0,56.0,True,97081.6,95678.10746424907,101292.07760725281,-1.0,SL,0.013110151661867808,1.426156498174075,True,OOS,55-59
BTCUSDT,2026-01-19 20:00:00+00:00,SHORT,BEAR_TREND,69.0,69.0,True,93124.0,93414.50655298571,92252.48034104287,3.0,TP3R,13.334638961450775,0.6474896971059338,False,OOS,65-69
BTCUSDT,2026-01-20 02:00:00+00:00,SHORT,BEAR_TREND,62.0,62.0,False,92438.7,93420.82961183005,89492.31116450984,3.0,TP3R,4.736136599458214,0.22939945734880132,False,OOS,60-64
BTCUSDT,2026-01-20 08:00:00+00:00,SHORT,BEAR_TREND,53.0,53.0,False,90960.8,93360.23770146366,83762.48689560904,0.7691385356136756,TIME,1.322643216810385,0.1893360264043864,False,OOS,<55
BTCUSDT,2026-01-20 14:00:00+00:00,SHORT,BEAR_TREND,57.0,57.0,False,91058.4,92884.25023621695,85580.84929134914,0.8384586915364554,TIME,1.7916036787210534,0.15685842919592988,False,OOS,55-59
BTCUSDT,2026-01-20 20:00:00+00:00,SHORT,BEAR_TREND,42.0,42.0,False,89370.0,91475.06413634043,83054.80759097871,-0.2396126518391377,TIME,1.0282347044128064,0.584067714980617,False,OOS,<55
BTCUSDT,2026-01-21 02:00:00+00:00,SHORT,BEAR_TREND,62.0,62.0,True,89240.5,91411.26741392101,82728.19775823696,-0.4131257887182538,TIME,0.9374564897877382,0.6260458818779048,False,OOS,60-64
BTCUSDT,2026-01-21 08:00:00+00:00,SHORT,BEAR_TREND,65.0,65.0,True,89115.4,90147.53411756059,86018.99764731822,-1.0,SL,1.85043781375425,1.4378945281913722,False,OOS,65-69
BTCUSDT,2026-01-21 17:00:00+00:00,SHORT,BEAR_TREND,59.0,59.0,True,87279.4,90682.58819006057,77069.83542981825,-0.5586526203730651,TIME,0.018747126646220715,0.9250737320947187,False,OOS,55-59
BTCUSDT,2026-01-22 08:00:00+00:00,SHORT,BEAR_TREND,77.0,77.0,True,89727.2,90489.7933628825,87439.4199113525,0.28324400724332166,TIME,1.654354812676723,0.7635786361934584,False,OOS,75+
BTCUSDT,2026-01-22 14:00:00+00:00,SHORT,BEAR_TREND,72.0,72.0,True,89661.3,90380.25295613454,87504.44113159638,0.35092699438430147,TIME,1.6631129892402037,0.5406473353831763,False,OOS,70-74
BTCUSDT,2026-01-22 21:00:00+00:00,SHORT,BEAR_TREND,71.0,71.0,True,89500.1,90368.63021396044,86894.50935811871,-1.0,SL,1.116944447535594,1.9514577302629217,False,OOS,70-74
BTCUSDT,2026-01-23 07:00:00+00:00,SHORT,BEAR_TREND,71.0,71.0,True,89514.7,90095.76289487431,87771.51131537707,-1.0,SL,1.6946530378832692,2.8917695740380527,False,OOS,70-74
BTCUSDT,2026-01-23 13:00:00+00:00,SHORT,BEAR_TREND,76.0,76.0,True,89365.8,90090.18664457217,87192.64006628351,-1.0,SL,1.1538037127860639,2.5251707961572833,False,OOS,75+
BTCUSDT,2026-01-23 21:00:00+00:00,SHORT,BEAR_TREND,87.0,87.0,True,89560.5,91257.71113548051,84468.86659355847,0.18412558901313475,TIME,0.26136995611592845,0.19643990840632977,False,OOS,75+
BTCUSDT,2026-01-24 08:00:00+00:00,SHORT,BEAR_TREND,75.0,75.0,True,89582.3,90268.83543586466,87522.69369240603,1.2851485209773457,TIME,1.4308074262224257,0.1120116981334581,False,OOS,75+
BTCUSDT,2026-01-24 14:00:00+00:00,SHORT,BEAR_TREND,77.0,77.0,True,89430.2,89923.73046466349,87949.60860600953,1.1926315438325032,TIME,2.727693823152117,0.08408802084446079,False,OOS,75+
BTCUSDT,2026-01-24 20:00:00+00:00,SHORT,BEAR_TREND,73.0,73.0,True,89337.1,89692.63002324339,88270.50993026987,3.0,TP3R,9.104997576488865,0.30180292235554895,False,OOS,70-74
BTCUSDT,2026-01-25 02:00:00+00:00,SHORT,BEAR_TREND,71.0,71.0,True,89207.7,89522.54674028803,88263.1597791359,3.0,TP3R,10.119209101816718,0.0022233039457759734,False,OOS,70-74
BTCUSDT,2026-01-25 08:00:00+00:00,SHORT,BEAR_TREND,47.0,47.0,True,88699.9,89466.84009518288,86399.07971445133,3.0,TP3R,3.492058919362335,0.32231982856635455,False,OOS,<55
BTCUSDT,2026-01-25 14:00:00+00:00,SHORT,BEAR_TREND,73.0,73.0,True,88841.7,89255.926016967,87599.02194909898,3.0,TP3R,6.807877546292874,0.12432826015393013,False,OOS,70-74
BTCUSDT,2026-01-25 20:00:00+00:00,SHORT,BEAR_TREND,64.0,64.0,True,86399.2,88992.50723617637,78619.27829147087,-0.569427324074903,TIME,0.14556701756502766,0.9389169034942705,False,OOS,60-64
BTCUSDT,2026-01-26 02:00:00+00:00,SHORT,BEAR_TREND,84.0,84.0,True,87469.2,89003.03841886688,82867.68474339934,-0.77589659077596,TIME,0.33197760190161724,0.8898590511302491,False,OOS,75+
BTCUSDT,2026-01-26 14:00:00+00:00,SHORT,BEAR_TREND,73.0,73.0,True,87650.7,88412.29112804083,85365.9266158775,-1.0,SL,0.9069170773782507,1.7497577780719085,False,OOS,70-74
BTCUSDT,2026-01-26 21:00:00+00:00,SHORT,BEAR_TREND,65.0,65.0,False,87799.7,88895.73135744894,84511.60592765317,-1.0,SL,0.48748605262864797,1.550411845839151,True,OOS,65-69
BTCUSDT,2026-01-29 08:00:00+00:00,SHORT,BEAR_TREND,61.0,62.0,True,87911.0,89933.13738010744,81844.58785967769,3.0,TP3R,3.4176708605390678,0.2720883385137585,False,OOS,60-64
BTCUSDT,2026-01-29 14:00:00+00:00,SHORT,BEAR_TREND,64.0,65.0,True,87955.3,89114.79506312992,84476.81481061026,3.0,TP3R,5.998559391210365,0.060543595425495665,False,OOS,60-64
BTCUSDT,2026-01-29 20:00:00+00:00,SHORT,BEAR_TREND,54.0,54.0,True,83880.9,88542.34109689375,69896.57670931872,0.003496772706374039,TIME,0.6180277601104383,0.17569673905045297,False,OOS,<55
BTCUSDT,2026-01-30 04:00:00+00:00,SHORT,BEAR_TREND,59.0,59.0,True,82983.7,85869.09150943276,74327.5254717017,-0.372462453184133,TIME,0.3991486064317168,0.5598200433873014,False,OOS,55-59
BTCUSDT,2026-01-30 10:00:00+00:00,SHORT,BEAR_TREND,54.0,54.0,True,82281.2,84778.93489716147,74787.99530851559,-0.27180626765936566,TIME,0.17984294510617865,0.9279607706302407,False,OOS,<55
BTCUSDT,2026-01-30 16:00:00+00:00,SHORT,BEAR_TREND,74.0,74.0,True,83045.0,83859.01356716975,80602.95929849075,-1.0,SL,2.9193616615783418,1.909059090259533,False,OOS,70-74
BTCUSDT,2026-01-31 07:00:00+00:00,SHORT,BEAR_TREND,68.0,68.0,True,83712.2,84659.31528388521,80870.85414834436,3.0,TP3R,8.670750160753691,0.02935228738571612,False,OOS,65-69
BTCUSDT,2026-01-31 13:00:00+00:00,SHORT,BEAR_TREND,57.0,57.0,True,82758.9,84294.58476759853,78151.8456972044,3.0,TP3R,4.726816436000264,0.09103430791894794,False,OOS,55-59
BTCUSDT,2026-02-01 00:00:00+00:00,SHORT,BEAR_TREND,59.0,59.0,True,79305.9,83220.74781815325,67561.35654554023,0.45927711204063293,TIME,0.9353875731821975,0.02321929337291298,False,OOS,55-59
BTCUSDT,2026-02-01 06:00:00+00:00,SHORT,BEAR_TREND,57.0,57.0,True,78678.3,79483.54361747688,76262.56914756936,3.0,TP3R,5.120562163435447,0.6404273052369809,False,OOS,55-59
BTCUSDT,2026-02-01 12:00:00+00:00,SHORT,BEAR_TREND,60.0,60.0,True,78530.5,79478.77404723744,75685.67785828767,3.0,TP3R,4.192353477965169,0.21249131576153482,False,OOS,60-64
BTCUSDT,2026-02-01 18:00:00+00:00,SHORT,BEAR_TREND,74.0,74.0,True,78198.3,79278.44381166942,74957.86856499175,3.0,TP3R,3.3729767838683364,1.0301406053331554,False,OOS,70-74
BTCUSDT,2026-02-02 00:00:00+00:00,SHORT,BEAR_TREND,74.0,74.0,True,77508.0,78941.50540815666,73207.48377553001,-1.0,SL,2.0599852523732345,1.2577559803687577,False,OOS,70-74
BTCUSDT,2026-02-02 06:00:00+00:00,SHORT,BEAR_TREND,68.0,68.0,True,75596.3,78536.61046569128,66775.36860292617,-1.0,SL,0.23677771722528568,1.2633699887629584,True,OOS,65-69
BTCUSDT,2026-02-03 03:00:00+00:00,SHORT,BEAR_TREND,72.0,72.0,True,77987.9,79392.79090784786,73773.22727645641,3.0,TP3R,3.6292497670232966,0.7552899617134649,False,OOS,70-74
BTCUSDT,2026-02-03 09:00:00+00:00,SHORT,BEAR_TREND,77.0,77.0,True,78139.0,79242.39848314667,74828.80455056,3.0,TP3R,4.7578459461251486,0.34529683139808764,False,OOS,75+
BTCUSDT,2026-02-03 15:00:00+00:00,SHORT,BEAR_TREND,67.0,67.0,True,77142.9,79121.19467369287,71208.01597892138,1.173434893633237,TIME,2.150185236084996,0.526261337021441,False,OOS,65-69
BTCUSDT,2026-02-03 21:00:00+00:00,SHORT,BEAR_TREND,83.0,83.0,True,76746.4,79154.90185871517,69520.89442385448,1.3336921407706792,TIME,1.9287508470008439,0.08557186669972137,False,OOS,75+
BTCUSDT,2026-02-04 03:00:00+00:00,SHORT,BEAR_TREND,72.0,72.0,True,76601.6,78494.48400856215,70922.94797431356,2.701644673877599,TIME,2.8202995935578596,0.18537850096083855,False,OOS,70-74
BTCUSDT,2026-02-04 09:00:00+00:00,SHORT,BEAR_TREND,67.0,67.0,True,76277.7,77031.7587169706,74015.5238490882,3.0,TP3R,8.212092587269233,0.04137608822472327,False,OOS,65-69
BTCUSDT,2026-02-04 15:00:00+00:00,SHORT,BEAR_TREND,69.0,69.0,True,74821.6,77036.3427753134,68177.37167405982,3.0,TP3R,3.1077198114015996,0.2155555061839811,False,OOS,65-69
BTCUSDT,2026-02-04 21:00:00+00:00,SHORT,BEAR_TREND,52.0,52.0,True,73534.3,76668.39951376655,64132.00145870037,3.0,TP3R,3.6058204120068016,0.04498899903486055,False,OOS,<55
BTCUSDT,2026-02-05 05:00:00+00:00,SHORT,BEAR_TREND,54.0,54.0,True,70814.8,74316.95822579418,60308.32532261747,3.0,TP3R,3.1451463040343355,0.3225439649414567,False,OOS,<55
BTCUSDT,2026-02-05 11:00:00+00:00,SHORT,BEAR_TREND,54.0,54.0,True,70745.3,73777.70891445866,61648.07325662402,3.0,TP3R,3.6094406489218267,0.05998531369984003,False,OOS,<55
BTCUSDT,2026-02-06 05:00:00+00:00,SHORT,BEAR_TREND,58.0,58.0,True,65484.0,68847.1980891019,55394.405732694286,-1.0,SL,0.31074589492261456,1.8525224607462047,True,OOS,55-59
BTCUSDT,2026-02-10 12:00:00+00:00,SHORT,BEAR_TREND,53.0,53.0,True,68590.1,70563.67355382274,62669.37933853181,0.7763075245066955,TIME,1.1387971812080095,0.6930575236735494,False,OOS,<55
BTCUSDT,2026-02-10 19:00:00+00:00,SHORT,BEAR_TREND,79.0,80.0,True,68880.0,70032.13912215958,65423.58263352125,1.1141015657848765,TIME,2.744026254463128,0.3456179834025651,False,OOS,75+
BTCUSDT,2026-02-11 02:00:00+00:00,SHORT,BEAR_TREND,61.0,61.0,False,68905.1,70020.41819678801,65559.14540963598,1.2899457788309263,TIME,2.8571218591941365,0.17125157694912416,False,OOS,60-64
BTCUSDT,2026-02-11 08:00:00+00:00,SHORT,BEAR_TREND,53.0,53.0,True,66878.6,69343.57135765871,59483.68592702388,-0.13712126875220196,TIME,0.470634271832634,0.7880416110980838,False,OOS,<55
BTCUSDT,2026-02-11 15:00:00+00:00,SHORT,BEAR_TREND,63.0,64.0,True,66088.0,69182.65041140471,56804.04876578586,-0.4181409296608181,TIME,0.08191555306724684,0.7422486208894121,False,OOS,60-64
BTCUSDT,2026-02-11 23:00:00+00:00,SHORT,BEAR_TREND,62.0,63.0,False,67293.0,68907.4187475775,62449.74375726751,0.6235680807786661,TIME,1.3701525724470185,0.676404434499161,False,OOS,60-64
BTCUSDT,2026-02-12 05:00:00+00:00,SHORT,BEAR_TREND,61.0,61.0,True,66778.0,68389.850846535,61942.44746039499,0.35164543991055597,TIME,1.052826943416038,0.996990511531864,False,OOS,60-64
BTCUSDT,2026-02-12 15:00:00+00:00,SHORT,BEAR_TREND,83.0,83.0,True,67382.0,68453.41849246621,64167.744522601366,-1.0,SL,2.1476202027309745,1.118890525438461,False,OOS,75+
BTCUSDT,2026-02-12 21:00:00+00:00,SHORT,BEAR_TREND,58.0,58.0,True,65643.8,68461.27250814954,57191.38247555138,-1.0,SL,0.07126955078326008,1.3593389070956345,True,OOS,55-59
BTCUSDT,2026-02-13 03:00:00+00:00,SHORT,BEAR_TREND,77.0,77.0,True,66481.6,68317.16080752105,60974.91757743686,-1.0,SL,0.2818757068030697,1.6300740284604722,True,OOS,75+
BTCUSDT,2026-02-15 08:00:00+00:00,LONG,BULL_TREND,58.0,58.0,True,70699.9,69164.09131613083,75307.3260516075,-1.0,SL,0.058796385870478265,1.7386931250269364,True,OOS,55-59
BTCUSDT,2026-02-18 00:00:00+00:00,SHORT,BEAR_TREND,67.0,67.0,True,67590.1,68409.57720455759,65131.66838632726,-1.0,SL,2.1525919088284433,1.034684058670989,False,OOS,65-69
BTCUSDT,2026-02-18 11:00:00+00:00,SHORT,BEAR_TREND,66.0,67.0,True,67355.2,68490.56946631892,63949.09160104323,0.41079138891426126,TIME,1.3467862624116662,0.8638597646807755,False,OOS,65-69
BTCUSDT,2026-02-18 17:00:00+00:00,SHORT,BEAR_TREND,61.0,61.0,False,67052.4,68496.89400105842,62718.91799682472,0.2941514465886718,TIME,1.008450017052773,0.17099413346058587,False,OOS,60-64
BTCUSDT,2026-02-18 23:00:00+00:00,SHORT,BEAR_TREND,58.0,58.0,True,66350.0,68390.73268591648,60227.801942250575,-0.22825135463090612,TIME,0.3696221485575184,0.4652250667380412,False,OOS,55-59
BTCUSDT,2026-02-19 05:00:00+00:00,SHORT,BEAR_TREND,73.0,73.0,True,66746.3,67502.71597629465,64477.05207111605,-0.629018972246908,TIME,1.5211207008560141,0.9831891754098797,False,OOS,70-74
BTCUSDT,2026-02-19 11:00:00+00:00,SHORT,BEAR_TREND,63.0,63.0,True,66888.7,67341.09171602511,65531.52485192465,-1.0,SL,2.858142521619954,3.0836108411909016,False,OOS,60-64
BTCUSDT,2026-02-19 17:00:00+00:00,SHORT,BEAR_TREND,88.0,88.0,True,66627.5,67351.4675791145,64455.597262656505,-1.0,SL,0.672129545628518,2.2876715032263384,False,OOS,75+
BTCUSDT,2026-02-23 00:00:00+00:00,SHORT,BEAR_TREND,69.0,69.0,False,67595.1,68246.4395154541,65641.08145363773,3.0,TP3R,5.73449009522479,0.004452363062868059,False,OOS,65-69
BTCUSDT,2026-02-23 06:00:00+00:00,SHORT,BEAR_TREND,61.0,61.0,True,65327.9,67775.7109990668,57984.46700279962,0.9055029170328185,TIME,1.091955220815259,0.5092713450814844,False,OOS,60-64
BTCUSDT,2026-02-23 12:00:00+00:00,SHORT,BEAR_TREND,63.0,63.0,True,66187.2,67755.58096093764,61482.057117187054,1.8867864847268079,TIME,2.2521313940767884,0.19306533778564594,False,OOS,60-64
BTCUSDT,2026-02-23 18:00:00+00:00,SHORT,BEAR_TREND,56.0,56.0,True,64748.6,66632.86757428247,59095.79727715258,0.42663792073486484,TIME,1.2455237419736946,0.21249635957487276,False,OOS,55-59
BTCUSDT,2026-02-24 00:00:00+00:00,SHORT,BEAR_TREND,54.0,54.0,False,64861.4,66547.57901186006,59802.86296441984,0.5778745869485845,TIME,1.4587419145293858,0.07033654147383125,False,OOS,<55
BTCUSDT,2026-02-24 06:00:00+00:00,SHORT,BEAR_TREND,61.0,61.0,True,63111.4,65229.365066859,56757.50479942301,-1.0,SL,0.33508579112332104,1.4975223386019898,True,OOS,60-64
BTCUSDT,2026-02-24 12:00:00+00:00,SHORT,BEAR_TREND,62.0,62.0,True,63227.9,65035.95560923815,57803.733172285545,-1.0,SL,0.4569549718374727,1.6897710360177212,True,OOS,60-64
BTCUSDT,2026-02-25 00:00:00+00:00,SHORT,BEAR_TREND,68.0,68.0,True,63887.0,64775.13340110645,61222.59979668066,-1.0,SL,0.010021017100487086,6.881849046985062,True,OOS,65-69
BTCUSDT,2026-02-26 20:00:00+00:00,LONG,BULL_TREND,57.0,57.0,True,67649.1,66394.18941829214,71413.8317451236,-1.0,SL,0.4300704830024573,2.047237498390998,True,OOS,55-59
BTCUSDT,2026-02-27 04:00:00+00:00,LONG,BULL_TREND,50.0,50.0,True,67896.3,66401.59546941942,72380.41359174174,-1.0,SL,0.19569084994101524,2.0209345313395746,True,OOS,<55
BTCUSDT,2026-02-27 20:00:00+00:00,SHORT,BEAR_TREND,52.0,52.0,True,65537.6,68187.170887418,57588.88733774601,-0.37417379723933775,TIME,0.9654770937239839,0.41712414838502865,False,OOS,<55
BTCUSDT,2026-02-28 02:00:00+00:00,SHORT,BEAR_TREND,68.0,68.0,True,65832.8,66372.35167212391,64214.14498362827,3.0,TP3R,5.288279413106382,4.366958943385283,False,OOS,65-69
BTCUSDT,2026-02-28 08:00:00+00:00,SHORT,BEAR_TREND,59.0,59.0,True,63587.3,66057.98450705498,56175.24647883508,-1.0,SL,0.11065759275185273,1.86252028005193,True,OOS,55-59
BTCUSDT,2026-02-28 14:00:00+00:00,SHORT,BEAR_TREND,69.0,69.0,True,64789.2,66060.22275400683,60976.13173797951,-1.0,SL,0.48260347666183323,2.6748537658215157,True,OOS,65-69
BTCUSDT,2026-03-01 16:00:00+00:00,LONG,BULL_TREND,69.0,70.0,True,66908.7,66033.91173317094,69533.06480048716,-1.0,SL,3.234382658395795,2.1693249349111725,False,OOS,65-69
BTCUSDT,2026-03-02 18:00:00+00:00,LONG,BULL_TREND,58.0,58.0,True,69170.1,65141.20927799692,81256.77216600926,-0.27856302824764045,TIME,0.0818835810557736,0.7669853101559593,False,OOS,55-59
BTCUSDT,2026-03-03 00:00:00+00:00,LONG,BULL_TREND,62.0,62.0,True,68780.1,65154.35592764933,79657.33221705203,-0.19353268901439022,TIME,0.12176810916324907,0.7447023138203612,False,OOS,60-64
BTCUSDT,2026-03-03 16:00:00+00:00,LONG,BULL_TREND,56.0,56.0,True,68437.1,65989.93583236074,75778.59250291779,1.7828391154520753,TIME,2.0578513148376327,0.44422847243988267,False,OOS,55-59
BTCUSDT,2026-03-03 22:00:00+00:00,LONG,BULL_TREND,75.0,75.0,True,68266.3,65991.61520735559,75090.35437793325,2.1715975839700357,TIME,2.541099328879001,0.4028250432600666,False,OOS,75+
BTCUSDT,2026-03-04 06:00:00+00:00,LONG,BULL_TREND,70.0,70.0,True,68157.1,67270.53151847264,70816.80544458212,3.0,TP3R,6.642916055231062,0.17528256783084287,False,OOS,70-74
BTCUSDT,2026-03-04 12:00:00+00:00,LONG,BULL_TREND,50.0,50.0,True,70859.1,67262.41162983049,81649.16511050856,0.5700799705100265,TIME,0.8862041055421673,0.08324324188973242,False,OOS,<55
BTCUSDT,2026-03-04 21:00:00+00:00,LONG,BULL_TREND,47.0,47.0,True,73027.1,69006.35748584478,85089.32754246567,-0.4382772569484615,TIME,0.12733966380524955,0.6004612311035438,False,OOS,<55
BTCUSDT,2026-03-05 03:00:00+00:00,LONG,BULL_TREND,65.0,65.0,True,72593.0,71150.73139509832,76919.80581470503,-1.0,SL,0.6559804441312813,1.5623996753043192,False,OOS,65-69
BTCUSDT,2026-03-05 09:00:00+00:00,LONG,BULL_TREND,62.0,62.0,True,72576.5,71659.4872535576,75327.5382393272,-1.0,SL,1.0497127806941218,2.7006167685320768,False,OOS,60-64
BTCUSDT,2026-03-08 12:00:00+00:00,SHORT,BEAR_TREND,55.0,55.0,False,67018.9,68215.65376171346,63428.6387148596,-1.0,SL,1.2113603034966631,1.188715712046881,False,OOS,55-59
BTCUSDT,2026-03-08 18:00:00+00:00,SHORT,BEAR_TREND,51.0,51.0,True,66882.6,68214.81925731445,62885.94222805668,-1.0,SL,0.9858737537300203,1.926484687793574,False,OOS,<55
BTCUSDT,2026-03-09 00:00:00+00:00,SHORT,BEAR_TREND,73.0,73.0,True,66283.1,67844.79004552586,61598.02986342243,-1.0,SL,0.3282341470182076,2.058603119876749,True,OOS,70-74
BTCUSDT,2026-03-11 16:00:00+00:00,LONG,BULL_TREND,76.0,76.0,True,70408.8,68866.71535519621,75035.05393441138,-0.21289363142694048,TIME,0.5688403700508984,0.816297603534057,False,OOS,75+
BTCUSDT,2026-03-11 22:00:00+00:00,LONG,BULL_TREND,60.0,60.0,True,70761.8,68871.05682544572,76434.02952366286,-0.311993721801518,TIME,0.0,0.8524690300045435,False,OOS,60-64
BTCUSDT,2026-03-12 16:00:00+00:00,LONG,BULL_TREND,75.0,75.0,True,70080.5,69089.43191690423,73053.70424928732,3.0,TP3R,3.8236525468188267,0.3587039135490415,False,OOS,75+
BTCUSDT,2026-03-12 22:00:00+00:00,LONG,BULL_TREND,81.0,81.0,True,70172.0,69249.01104762373,72940.9668571288,3.0,TP3R,4.006548497118373,0.21376203852933115,False,OOS,75+
BTCUSDT,2026-03-13 04:00:00+00:00,LONG,BULL_TREND,67.0,67.0,True,71331.1,69601.41232970792,76520.16301087626,-0.10464316946274772,TIME,1.4678372538617104,0.5173766428299108,False,OOS,65-69
BTCUSDT,2026-03-13 10:00:00+00:00,LONG,BULL_TREND,66.0,66.0,True,72220.3,69920.94424291818,79118.36727124547,-0.7437735525408473,TIME,0.7174618346547982,0.8542827676622565,False,OOS,65-69
BTCUSDT,2026-03-13 17:00:00+00:00,LONG,BULL_TREND,84.0,84.0,True,72074.7,71080.33008874151,75057.80973377546,-1.0,SL,0.14119494004229946,1.82899741777004,True,OOS,75+
BTCUSDT,2026-03-15 04:00:00+00:00,LONG,BULL_TREND,53.0,53.0,True,71551.7,70408.9118625169,74980.06441244927,1.8409361551769978,TIME,2.4112955933100766,0.2901675202284797,False,OOS,<55
BTCUSDT,2026-03-15 10:00:00+00:00,LONG,BULL_TREND,53.0,53.0,True,71769.1,70594.14981309915,75293.95056070256,1.301331764568691,TIME,2.276607153070493,0.4672538513722769,False,OOS,<55
BTCUSDT,2026-03-15 16:00:00+00:00,LONG,BULL_TREND,62.0,62.0,True,71530.1,71134.22567942504,72717.7229617249,3.0,TP3R,7.4553964392371155,0.6443964327605324,False,OOS,60-64
BTCUSDT,2026-03-15 22:00:00+00:00,LONG,BULL_TREND,66.0,67.0,True,71768.1,71183.11131223623,73523.06606329134,3.0,TP3R,5.311042871404357,0.14820799412624175,False,OOS,65-69
BTCUSDT,2026-03-16 04:00:00+00:00,LONG,BULL_TREND,70.0,70.0,True,73655.5,71217.48602724439,80969.54191826683,0.4046326276321504,TIME,0.9611921942150825,0.3337142481921135,False,OOS,70-74
BTCUSDT,2026-03-16 10:00:00+00:00,LONG,BULL_TREND,61.0,61.0,True,73298.2,71548.99487856057,78545.81536431829,0.20117709220427407,TIME,1.543958433975757,0.21255368821127543,False,OOS,60-64
BTCUSDT,2026-03-16 16:00:00+00:00,LONG,BULL_TREND,76.0,76.0,True,73307.6,72389.58683994738,76061.63948015787,0.6759162362818764,TIME,2.931657319428535,0.019825423852277226,False,OOS,75+
BTCUSDT,2026-03-16 22:00:00+00:00,LONG,BULL_TREND,64.0,64.0,True,74837.3,72861.62377624326,80764.32867127024,-0.14810119010473657,TIME,0.5879505892879606,0.7627768061785153,False,OOS,60-64
BTCUSDT,2026-03-17 04:00:00+00:00,LONG,BULL_TREND,84.0,84.0,True,74642.0,73050.3857767869,79416.84266963929,-0.154560066385549,TIME,0.13458035048692743,0.8241318661704236,False,OOS,75+
BTCUSDT,2026-03-17 15:00:00+00:00,LONG,BULL_TREND,83.0,83.0,True,74072.0,73261.80460584452,76502.58618246645,-1.0,SL,0.8701604638654681,4.012365441040945,False,OOS,75+
BTCUSDT,2026-03-17 21:00:00+00:00,LONG,BULL_TREND,70.0,70.0,True,74667.0,73269.6180035492,78859.1459893524,-1.0,SL,0.07871863261397968,3.013492381249713,True,OOS,70-74
BTCUSDT,2026-03-18 03:00:00+00:00,LONG,BULL_TREND,71.0,71.0,True,74231.5,73430.98501048979,76633.04496853062,-1.0,SL,0.5015521323912453,4.71633891866288,False,OOS,70-74
BTCUSDT,2026-03-18 10:00:00+00:00,LONG,BULL_TREND,66.0,66.0,True,74205.0,73446.22812209623,76481.3156337113,-1.0,SL,0.0,6.3047934950044615,True,OOS,65-69
BTCUSDT,2026-03-19 23:00:00+00:00,SHORT,BEAR_TREND,67.0,67.0,False,70165.8,70716.93616778193,68512.39149665424,-1.0,SL,1.480214959005929,2.1344997275981368,False,OOS,65-69
BTCUSDT,2026-03-20 07:00:00+00:00,SHORT,BEAR_TREND,62.0,62.0,False,70243.9,70997.89439985431,67981.91680043704,-1.0,SL,1.1855525719722977,1.4566421185783494,False,OOS,60-64
BTCUSDT,2026-03-20 13:00:00+00:00,SHORT,BEAR_TREND,72.0,72.0,True,70285.3,71397.20569027711,66949.58292916867,-0.38591402468050146,TIME,0.8411684625581017,0.5420423739802885,False,OOS,70-74
BTCUSDT,2026-03-20 19:00:00+00:00,SHORT,BEAR_TREND,66.0,66.0,False,69845.5,71400.5515816301,65180.345255109685,-0.3559367461108819,TIME,0.13549389775169246,0.7923852909807184,False,OOS,65-69
BTCUSDT,2026-03-21 16:00:00+00:00,SHORT,BEAR_TREND,70.0,70.0,True,70530.1,71111.56405610521,68785.70783168438,3.0,TP3R,4.299663880767291,0.13225237087755645,False,OOS,70-74
BTCUSDT,2026-03-21 22:00:00+00:00,SHORT,BEAR_TREND,43.0,43.0,False,70282.9,71106.4104889684,67812.36853309479,3.0,TP3R,3.6221760863503127,0.07516601285497886,False,OOS,<55
BTCUSDT,2026-03-22 04:00:00+00:00,SHORT,BEAR_TREND,63.0,63.0,True,69411.0,70779.79907036862,65304.60278889413,0.9284050723805443,TIME,1.5422278153881999,0.0600526416034607,False,OOS,60-64
BTCUSDT,2026-03-22 10:00:00+00:00,SHORT,BEAR_TREND,64.0,64.0,True,68701.6,70409.458214701,63578.02535589704,0.07828518717136006,TIME,0.8206770257245263,0.1747217640383796,False,OOS,60-64
BTCUSDT,2026-03-22 16:00:00+00:00,SHORT,BEAR_TREND,59.0,59.0,True,68754.6,69594.79675513375,66234.00973459877,-1.0,SL,1.731261149382159,3.612487172146778,False,OOS,55-59
BTCUSDT,2026-03-22 22:00:00+00:00,SHORT,BEAR_TREND,66.0,66.0,True,67870.1,69043.79098191048,64349.027054268576,-1.0,SL,0.40044612018314824,3.3396354410252873,True,OOS,65-69
BTCUSDT,2026-03-23 04:00:00+00:00,SHORT,BEAR_TREND,67.0,67.0,True,68140.2,69047.27055883581,65418.988323492566,-1.0,SL,0.7535246220285723,4.023501771112629,False,OOS,65-69
BTCUSDT,2026-03-27 00:00:00+00:00,SHORT,BEAR_TREND,65.0,65.0,True,68894.2,69924.14000675562,65804.37997973312,3.0,TP3R,3.2945608265949207,0.24127618926347946,False,OOS,65-69
BTCUSDT,2026-03-27 06:00:00+00:00,SHORT,BEAR_TREND,65.0,65.0,True,68714.7,69515.92110047527,66311.03669857417,3.0,TP3R,4.011002703365733,0.26247436553437664,False,OOS,65-69
BTCUSDT,2026-03-27 12:00:00+00:00,SHORT,BEAR_TREND,59.0,59.0,True,66603.2,69198.49114558107,58817.32656325679,0.09097245232080892,TIME,0.4246922361202839,0.03725978881585042,False,OOS,55-59
BTCUSDT,2026-03-27 18:00:00+00:00,SHORT,BEAR_TREND,54.0,54.0,True,65590.1,68983.68222556356,55409.35332330933,-0.38596383200424017,TIME,0.02625544161824733,0.49914806461443423,False,OOS,<55
BTCUSDT,2026-03-28 00:00:00+00:00,SHORT,BEAR_TREND,59.0,59.0,True,66264.6,66860.6715707263,64476.385287821104,-1.0,SL,0.631803324458381,1.7101973153288903,False,OOS,55-59
BTCUSDT,2026-03-28 06:00:00+00:00,SHORT,BEAR_TREND,68.0,68.0,True,66328.4,66513.03038403373,65774.50884789879,-1.0,SL,1.3058522369532541,5.175746153598435,False,OOS,65-69
BTCUSDT,2026-03-28 12:00:00+00:00,SHORT,BEAR_TREND,68.0,68.0,True,66367.2,66566.73947657697,65768.58157026907,-1.0,SL,0.6695416981734629,4.594579557525994,False,OOS,65-69
BTCUSDT,2026-03-28 22:00:00+00:00,SHORT,BEAR_TREND,66.0,66.0,True,66565.5,67315.5959447033,64315.212165890116,0.38795037095568746,TIME,0.6059224865957387,0.712575509538883,False,OOS,65-69
BTCUSDT,2026-03-29 07:00:00+00:00,SHORT,BEAR_TREND,66.0,66.0,True,66568.6,67131.14242908226,64880.97271275324,-1.0,SL,2.933823147691292,2.148104636251891,False,OOS,65-69
BTCUSDT,2026-03-29 13:00:00+00:00,SHORT,BEAR_TREND,67.0,67.0,True,66567.8,67130.45490402545,64879.83528792366,-1.0,SL,2.9318148445843826,2.5418777829319597,False,OOS,65-69
BTCUSDT,2026-03-29 19:00:00+00:00,SHORT,BEAR_TREND,71.0,71.0,True,66404.0,67016.36020421633,64566.91938735102,-1.0,SL,2.4263497036053656,2.848650170257893,False,OOS,70-74
BTCUSDT,2026-03-30 01:00:00+00:00,SHORT,BEAR_TREND,88.0,88.0,True,66371.4,66895.8798988999,64797.960303300264,-1.0,SL,0.3266092758927233,3.3881184078307576,True,OOS,75+
BTCUSDT,2026-03-31 00:00:00+00:00,SHORT,BEAR_TREND,66.0,66.0,True,66615.0,68193.42465917855,61879.726022464354,-1.0,SL,0.4289086565286731,1.2575829884924905,True,OOS,65-69
BTCUSDT,2026-04-02 08:00:00+00:00,SHORT,BEAR_TREND,58.0,58.0,True,66743.8,68688.725145752,60909.024562744,-0.2024242428352038,TIME,0.5489671426851616,0.33739087667884465,False,OOS,55-59
BTCUSDT,2026-04-02 14:00:00+00:00,SHORT,BEAR_TREND,69.0,69.0,True,66357.0,68156.38451487609,60958.846455371735,-0.22001967713235387,TIME,0.1105933714305104,0.5796426452362932,False,OOS,65-69
BTCUSDT,2026-04-02 20:00:00+00:00,SHORT,BEAR_TREND,71.0,71.0,True,66856.8,67450.60515998656,65075.38452004033,-0.02054545972667747,TIME,1.038724554050635,0.8305754702622693,False,OOS,70-74
BTCUSDT,2026-04-03 02:00:00+00:00,SHORT,BEAR_TREND,63.0,64.0,True,66479.6,67444.38684667017,63585.23945998952,-0.34961090230877007,TIME,0.24834501094926248,0.9021681866871092,False,OOS,60-64
BTCUSDT,2026-04-03 10:00:00+00:00,SHORT,BEAR_TREND,71.0,71.0,True,66791.2,67297.17176325497,65273.28471023508,-1.0,SL,0.6180186775411401,1.104409456379898,False,OOS,70-74
BTCUSDT,2026-04-04 04:00:00+00:00,SHORT,BEAR_TREND,56.0,56.0,True,66773.1,67068.97078605101,65885.487641847,-1.0,SL,0.09328396482932239,2.641017757884659,True,OOS,55-59
BTCUSDT,2026-04-06 00:00:00+00:00,LONG,BULL_TREND,68.0,68.0,True,69205.2,66611.00070181859,76987.79789454423,-0.11286719574909373,TIME,0.43454641314191406,0.3768792940023481,False,OOS,65-69
BTCUSDT,2026-04-06 06:00:00+00:00,LONG,BULL_TREND,51.0,51.0,True,69276.6,67117.89865199852,75752.70404400447,-0.3643857454984385,TIME,0.48913667514848236,0.4859866331075656,False,OOS,<55
BTCUSDT,2026-04-06 12:00:00+00:00,LONG,BULL_TREND,67.0,67.0,True,69449.9,68530.8906772694,72206.92796819177,-1.0,SL,0.9603819876142223,1.5417689080563983,False,OOS,65-69
BTCUSDT,2026-04-06 18:00:00+00:00,LONG,BULL_TREND,62.0,62.0,True,69710.5,68722.24271094394,72675.27186716817,-1.0,SL,0.2477087725139132,2.0232585402024656,True,OOS,60-64
BTCUSDT,2026-04-07 09:00:00+00:00,LONG,BULL_TREND,67.0,67.0,True,69070.2,68181.96194016245,71734.91417951263,-1.0,SL,4.135377852049941,1.5302204008783276,False,OOS,65-69
BTCUSDT,2026-04-08 00:00:00+00:00,LONG,BULL_TREND,58.0,58.0,True,71929.9,67636.41112490477,84810.36662528566,-0.22343134637299195,TIME,0.21628098430310033,0.293071680539077,False,OOS,55-59
BTCUSDT,2026-04-08 06:00:00+00:00,LONG,BULL_TREND,53.0,53.0,True,71772.2,68103.5604692813,82778.11859215607,-0.2158838428709965,TIME,0.2961043163014698,0.3664028555393849,False,OOS,<55
BTCUSDT,2026-04-08 12:00:00+00:00,LONG,BULL_TREND,62.0,62.0,True,71805.9,71135.11007818692,73818.26976543923,-1.0,SL,1.569194714725193,2.0541453519093884,False,OOS,60-64
BTCUSDT,2026-04-08 18:00:00+00:00,LONG,BULL_TREND,54.0,54.0,True,71670.6,70609.49853779879,74853.90438660365,-1.0,SL,0.7985098788218576,1.1710472977977795,False,OOS,<55
BTCUSDT,2026-04-09 09:00:00+00:00,LONG,BULL_TREND,64.0,64.0,True,71287.0,70382.51102175166,74000.46693474501,0.4174733015887915,TIME,2.0354034645787955,0.9030513578859133,False,OOS,60-64
BTCUSDT,2026-04-09 15:00:00+00:00,LONG,BULL_TREND,77.0,77.0,True,71300.5,70544.2412826076,73569.27615217719,2.21855293884758,TIME,2.4165010702967846,0.06333811286850993,False,OOS,75+
BTCUSDT,2026-04-09 21:00:00+00:00,LONG,BULL_TREND,66.0,66.0,True,72306.1,70416.9206680122,77973.63799596342,0.38672877033396813,TIME,0.6055010133931416,0.48910126442456997,False,OOS,65-69
BTCUSDT,2026-04-10 03:00:00+00:00,LONG,BULL_TREND,77.0,77.0,True,71824.3,70413.8606992778,76055.61790216663,0.8356970763622713,TIME,1.1526196123204764,0.31351934094120204,False,OOS,75+
BTCUSDT,2026-04-10 10:00:00+00:00,LONG,BULL_TREND,71.0,71.0,True,71780.0,71336.37869801922,73110.86390594233,3.0,TP3R,3.764472067827722,0.27320599677886764,False,OOS,70-74
BTCUSDT,2026-04-10 16:00:00+00:00,LONG,BULL_TREND,69.0,69.0,True,72661.2,71330.9372021699,76651.9883934903,0.13290606960398763,TIME,0.592965541310091,0.15733733239883788,False,OOS,65-69
BTCUSDT,2026-04-10 22:00:00+00:00,LONG,BULL_TREND,58.0,58.0,True,73114.7,71602.54054264014,77651.17837207956,0.22755536681348723,TIME,0.4356022090091277,0.4383135632780513,False,OOS,55-59
BTCUSDT,2026-04-11 04:00:00+00:00,LONG,BULL_TREND,67.0,67.0,True,72796.1,72269.77568445922,74375.07294662236,-1.0,SL,1.8568399200706505,2.9204426902083718,False,OOS,65-69
BTCUSDT,2026-04-11 10:00:00+00:00,LONG,BULL_TREND,73.0,73.0,True,72774.9,72533.99649116477,73497.61052650567,-1.0,SL,4.144813020066729,6.292560898466831,False,OOS,70-74
BTCUSDT,2026-04-11 16:00:00+00:00,LONG,BULL_TREND,67.0,67.0,True,72838.0,72423.12341106444,74082.62976680667,-1.0,SL,2.254646381469579,5.475122146149435,False,OOS,65-69
BTCUSDT,2026-04-11 22:00:00+00:00,LONG,BULL_TREND,63.0,63.0,True,73458.8,72420.22926695703,76574.51219912892,-1.0,SL,0.06759289258451737,2.7848849461852976,True,OOS,60-64
BTCUSDT,2026-04-13 20:00:00+00:00,LONG,BULL_TREND,59.0,59.0,True,73010.8,70468.49774870176,80637.70675389473,0.5310934210558595,TIME,1.1793247630052437,0.022617295001267954,False,OOS,55-59
BTCUSDT,2026-04-14 02:00:00+00:00,LONG,BULL_TREND,57.0,57.0,True,74458.5,70726.9472350492,85653.1582948524,0.009593861390963052,TIME,0.41551067281248616,0.18536519341141275,False,OOS,55-59
BTCUSDT,2026-04-14 08:00:00+00:00,LONG,BULL_TREND,64.0,64.0,True,74509.4,72226.44868555786,81358.2539433264,-0.3038610572251779,TIME,0.6568690232303308,0.4644864712146147,False,OOS,60-64
BTCUSDT,2026-04-14 14:00:00+00:00,LONG,BULL_TREND,61.0,61.0,True,75516.5,74065.02339352635,79870.92981942094,-1.0,SL,0.33930963668544795,1.424411520501855,True,OOS,60-64
BTCUSDT,2026-04-14 20:00:00+00:00,LONG,BULL_TREND,62.0,62.0,True,74361.1,73726.54255883145,76264.77232350566,-1.0,SL,1.3850597959760425,1.4373797245531512,False,OOS,60-64
BTCUSDT,2026-04-15 02:00:00+00:00,LONG,BULL_TREND,73.0,73.0,True,74494.3,73710.60039601653,76845.39881195044,-1.0,SL,1.1883379744819127,1.3338018734306272,False,OOS,70-74
BTCUSDT,2026-04-15 12:00:00+00:00,LONG,BULL_TREND,80.0,80.0,True,74157.1,73404.34399549844,76415.36801350472,0.7315783556779958,TIME,1.685140991787802,0.8197875490991426,False,OOS,75+
BTCUSDT,2026-04-15 18:00:00+00:00,LONG,BULL_TREND,63.0,63.0,True,74246.6,73401.92340392659,76780.62978822026,-1.0,SL,1.3958004820788492,1.171809429314376,False,OOS,60-64
BTCUSDT,2026-04-16 00:00:00+00:00,LONG,BULL_TREND,76.0,76.0,True,74563.8,73490.15354610742,77784.73936167774,-1.0,SL,0.8719816440558615,1.2173467301655785,False,OOS,75+
BTCUSDT,2026-04-16 06:00:00+00:00,LONG,BULL_TREND,70.0,70.0,True,74973.1,73827.82379403635,78408.92861789098,-1.0,SL,0.4600636922834258,1.4985904632113376,True,OOS,70-74
BTCUSDT,2026-04-16 12:00:00+00:00,LONG,BULL_TREND,72.0,72.0,True,74707.9,74182.61055553606,76283.76833339181,-1.0,SL,3.126086041336276,2.7624769834864056,False,OOS,70-74
BTCUSDT,2026-04-16 19:00:00+00:00,LONG,BULL_TREND,73.0,73.0,True,74792.4,73195.49684822928,79583.10945531215,1.4985880623671057,TIME,2.1965013946591685,0.19562864513955705,False,OOS,70-74
BTCUSDT,2026-04-17 01:00:00+00:00,LONG,BULL_TREND,76.0,76.0,True,74857.3,73204.4343716153,79815.89688515413,1.458194761031728,TIME,2.0828674399651197,0.22827021962379715,False,OOS,75+
BTCUSDT,2026-04-17 07:00:00+00:00,LONG,BULL_TREND,69.0,69.0,True,74994.7,74192.8832381573,77400.15028552809,3.0,TP3R,4.122263536127536,0.1212247044781364,False,OOS,65-69
BTCUSDT,2026-04-17 13:00:00+00:00,LONG,BULL_TREND,66.0,66.0,True,76877.4,74424.42086247503,84236.33741257488,-0.3091343046501029,TIME,0.5799478594161215,0.4756664996251378,False,OOS,65-69
BTCUSDT,2026-04-17 19:00:00+00:00,LONG,BULL_TREND,58.0,58.0,True,77185.5,74636.24776138162,84833.25671585515,-0.580562400840379,TIME,0.14925945508092175,0.7020097787459092,False,OOS,55-59
BTCUSDT,2026-04-18 01:00:00+00:00,LONG,BULL_TREND,62.0,62.0,True,77267.5,75521.64682532185,82505.05952403446,-1.0,SL,0.06443840847082652,1.072026002613327,True,OOS,60-64
BTCUSDT,2026-04-18 07:00:00+00:00,LONG,BULL_TREND,67.0,67.0,True,77028.4,76781.81689816942,77768.14930549172,-1.0,SL,0.14477877735734143,7.544718134327992,True,OOS,65-69
BTCUSDT,2026-04-20 20:00:00+00:00,LONG,BULL_TREND,61.0,62.0,True,76292.3,74510.62393647178,81637.32819058468,-0.4253859697139057,TIME,0.39664898376674024,0.8499861624683138,False,OOS,60-64
BTCUSDT,2026-04-21 02:00:00+00:00,LONG,BULL_TREND,76.0,77.0,True,75682.9,74588.89778573041,78964.90664280874,0.9263235364442224,TIME,1.203014018466781,0.8272378137773969,False,OOS,75+
BTCUSDT,2026-04-21 08:00:00+00:00,LONG,BULL_TREND,68.0,68.0,True,76091.3,75388.03488904146,78201.09533287563,-1.0,SL,3.3503723749192162,1.8675745171118467,False,OOS,65-69
BTCUSDT,2026-04-21 16:00:00+00:00,LONG,BULL_TREND,72.0,73.0,True,75924.8,75299.73115831966,77800.00652504104,-1.0,SL,5.630099863143845,1.8348378986814418,False,OOS,70-74
BTCUSDT,2026-04-22 00:00:00+00:00,LONG,BULL_TREND,61.0,62.0,True,76372.8,74718.53385232057,81335.5984430383,0.8863144555407549,TIME,1.856533185006663,0.17784320885287686,False,OOS,60-64
BTCUSDT,2026-04-22 06:00:00+00:00,LONG,BULL_TREND,54.0,54.0,True,77918.3,74718.2627515594,87518.41174532179,0.07440538391108395,TIME,0.4767757002652025,0.15862315360465362,False,OOS,<55
BTCUSDT,2026-04-22 12:00:00+00:00,LONG,BULL_TREND,53.0,53.0,True,78380.0,75659.74804229793,86540.75587310622,-0.2611155183580963,TIME,0.3911402386780422,0.6894214319706748,False,OOS,<55
BTCUSDT,2026-04-22 18:00:00+00:00,LONG,BULL_TREND,60.0,60.0,True,78919.2,77433.09466659512,83377.51600021463,-1.0,SL,0.14171270048368068,1.6247838869320261,True,OOS,60-64
BTCUSDT,2026-04-23 01:00:00+00:00,LONG,BULL_TREND,79.0,79.0,True,78229.2,77787.31482351363,79554.85552945909,-1.0,SL,0.9477575222823202,3.90282383698202,False,OOS,75+
BTCUSDT,2026-04-23 15:00:00+00:00,LONG,BULL_TREND,74.0,74.0,True,78062.1,76453.41096510121,82888.16710469639,-0.23379285358507274,TIME,0.3642096062629371,0.7223272955752468,False,OOS,70-74
BTCUSDT,2026-04-23 22:00:00+00:00,LONG,BULL_TREND,82.0,82.0,True,78018.3,76450.57279661333,82721.48161016003,-0.29048421116647904,TIME,0.3366019284860501,0.45307627402623396,False,OOS,75+
BTCUSDT,2026-04-24 11:00:00+00:00,LONG,BULL_TREND,64.0,64.0,True,78179.4,77306.9142228517,80796.85733144487,-1.0,SL,0.2905491489254542,1.1147459654630936,True,OOS,60-64
BTCUSDT,2026-04-26 12:00:00+00:00,LONG,BULL_TREND,54.0,54.0,True,77933.8,77258.397577132,79960.00726860402,-0.21320622361483868,TIME,2.2522868566867498,0.7776104766841156,False,OOS,<55
BTCUSDT,2026-04-26 18:00:00+00:00,LONG,BULL_TREND,59.0,59.0,True,78063.1,77693.15360414094,79172.9391875772,3.0,TP3R,3.762436978924527,4.198986711014741,False,OOS,55-59
BTCUSDT,2026-04-27 00:00:00+00:00,LONG,BULL_TREND,73.0,73.0,True,78542.1,77675.28467654447,81142.54597036661,-1.0,SL,1.0531655074586628,2.4712299633335766,False,OOS,70-74
BTCUSDT,2026-04-28 16:00:00+00:00,SHORT,BEAR_TREND,51.0,51.0,False,75980.6,77170.0469491569,72412.25915252934,-1.0,SL,0.2567579833774716,1.59115965730251,True,OOS,<55
BTCUSDT,2026-04-28 22:00:00+00:00,SHORT,BEAR_TREND,56.0,56.0,False,76322.9,76828.64979746468,74805.65060760594,-1.0,SL,2.8767188979479346,3.065349719904261,False,OOS,55-59
BTCUSDT,2026-04-29 20:00:00+00:00,SHORT,BEAR_TREND,55.0,55.0,False,75484.4,77923.71525633665,68166.45423099001,-0.3780979098966913,TIME,0.08645868936052233,0.4697629783699669,False,OOS,55-59
BTCUSDT,2026-04-30 03:00:00+00:00,SHORT,BEAR_TREND,62.0,62.0,False,75786.0,76898.43743181566,72448.68770455301,-0.7783808556196435,TIME,0.4607000675656196,0.8560481450590066,False,OOS,60-64
BTCUSDT,2026-05-02 08:00:00+00:00,LONG,BULL_TREND,62.0,62.0,True,78218.0,77685.37442495274,79815.87672514179,0.35916412760132255,TIME,1.740434638193523,0.35860088014559105,False,OOS,60-64
BTCUSDT,2026-05-02 14:00:00+00:00,LONG,BULL_TREND,73.0,73.0,True,78276.0,77952.49226985723,79246.5231904283,1.2954868182440458,TIME,2.686180016831449,0.7696879449839249,False,OOS,70-74
BTCUSDT,2026-05-02 20:00:00+00:00,LONG,BULL_TREND,58.0,58.0,True,78394.5,78032.25809498983,79481.22571503052,-1.0,SL,2.0718199347447683,1.014515424408664,False,OOS,55-59
BTCUSDT,2026-05-03 07:00:00+00:00,LONG,BULL_TREND,78.0,78.0,True,78301.4,78044.42160951074,79072.33517146776,3.0,TP3R,8.906585474531232,0.25683093381643685,False,OOS,75+
BTCUSDT,2026-05-03 13:00:00+00:00,LONG,BULL_TREND,64.0,64.0,True,78713.4,78003.22198600962,80843.93404197111,0.2354339288265809,TIME,2.6427176891249817,0.8238779411269189,False,OOS,60-64
BTCUSDT,2026-05-03 19:00:00+00:00,LONG,BULL_TREND,61.0,61.0,True,78675.2,78004.922537297,80686.032388109,3.0,TP3R,3.127809178523664,0.8159307606651913,False,OOS,60-64
BTCUSDT,2026-05-04 02:00:00+00:00,LONG,BULL_TREND,66.0,66.0,True,79899.1,78192.50865314774,85018.8740405568,-1.0,SL,0.5113116280646013,1.0376239181489875,False,OOS,65-69
BTCUSDT,2026-05-04 08:00:00+00:00,LONG,BULL_TREND,70.0,70.0,True,79754.5,78190.33689785285,84446.98930644146,-1.0,SL,0.9741311490524145,1.0396613996121524,False,OOS,70-74
BTCUSDT,2026-05-04 15:00:00+00:00,LONG,BULL_TREND,48.0,48.0,True,80065.9,78067.81826734653,86060.14519796037,0.7250454154726358,TIME,0.7961135793417,0.40999323832068496,False,OOS,<55
BTCUSDT,2026-05-04 21:00:00+00:00,LONG,BULL_TREND,50.0,50.0,True,80076.0,78070.9362780074,86091.1911659778,0.7293533786281291,TIME,0.8325919928075762,0.17959528969091534,False,OOS,<55
BTCUSDT,2026-05-05 03:00:00+00:00,LONG,BULL_TREND,62.0,62.0,True,80633.5,78852.42068298665,85976.73795104006,0.40756186042137466,TIME,0.6242843815987432,0.08584682250781969,False,OOS,60-64
BTCUSDT,2026-05-05 09:00:00+00:00,LONG,BULL_TREND,70.0,70.0,True,80631.2,79671.86186568283,83509.21440295149,1.1832115907786207,TIME,1.3694858496739912,0.15698323105563303,False,OOS,70-74
BTCUSDT,2026-05-05 15:00:00+00:00,LONG,BULL_TREND,69.0,69.0,True,81514.5,80288.40156834295,85192.79529497116,-0.11826130452188463,TIME,1.0718552165700719,0.7041033392671955,False,OOS,65-69
BTCUSDT,2026-05-05 21:00:00+00:00,LONG,BULL_TREND,63.0,63.0,True,81538.4,80439.78473043251,84834.24580870244,-0.1859613694250034,TIME,1.1744784873670882,0.8075620506797448,False,OOS,60-64
BTCUSDT,2026-05-06 03:00:00+00:00,LONG,BULL_TREND,73.0,73.0,True,81359.3,80607.44114681624,83614.87655955128,-0.5023549279237982,TIME,1.9543561850442994,0.7876478377454967,False,OOS,70-74
BTCUSDT,2026-05-06 09:00:00+00:00,LONG,BULL_TREND,64.0,64.0,True,81766.2,80609.0028427984,85237.79147160477,-0.5376784726162324,TIME,0.9181667906698,0.9422767703965597,False,OOS,60-64
BTCUSDT,2026-05-06 16:00:00+00:00,LONG,BULL_TREND,62.0,62.0,True,81710.5,80953.95759700915,83980.12720897254,-1.0,SL,0.1171117437036478,2.7830561666818765,True,OOS,60-64
BTCUSDT,2026-05-07 07:00:00+00:00,LONG,BULL_TREND,65.0,65.0,True,81619.8,80630.98093413693,84586.25719758924,-1.0,SL,0.06148748754852785,2.510469392935177,True,OOS,65-69
BTCUSDT,2026-05-10 00:00:00+00:00,LONG,BULL_TREND,67.0,67.0,True,80671.1,80167.7582841416,82181.12514757522,3.0,TP3R,3.555040132027065,0.886077958468803,False,OOS,65-69
BTCUSDT,2026-05-10 06:00:00+00:00,LONG,BULL_TREND,67.0,67.0,True,80683.4,80513.51493967081,81193.05518098753,3.0,TP3R,10.460601989113059,2.6977063145632645,False,OOS,65-69
BTCUSDT,2026-05-10 12:00:00+00:00,LONG,BULL_TREND,60.0,60.0,True,80822.4,80514.04491981413,81747.46524055759,-1.0,SL,5.3123820726826265,1.9370525682273732,False,OOS,60-64
BTCUSDT,2026-05-10 18:00:00+00:00,LONG,BULL_TREND,56.0,57.0,True,81415.8,80596.16485700887,83874.7054289734,-1.0,SL,1.2745915166442572,1.4527195547700942,False,OOS,55-59
BTCUSDT,2026-05-11 00:00:00+00:00,LONG,BULL_TREND,67.0,67.0,True,81841.5,80183.77092714798,86814.68721855605,-0.16070177229966176,TIME,0.15527265837061902,0.873182490254375,False,OOS,65-69
BTCUSDT,2026-05-11 16:00:00+00:00,LONG,BULL_TREND,58.0,58.0,True,81751.6,80350.11415557544,85956.05753327369,-1.0,SL,0.2478084251664966,1.1554165933548002,True,OOS,55-59
BTCUSDT,2026-05-11 22:00:00+00:00,LONG,BULL_TREND,56.0,56.0,True,81802.5,80351.13872658143,86156.58382025572,-1.0,SL,0.06655820419713399,1.3790501625316318,True,OOS,55-59
BTCUSDT,2026-05-13 16:00:00+00:00,SHORT,BEAR_TREND,53.0,53.0,False,78892.0,81311.97453565164,71632.07639304509,-1.0,SL,0.02938047444406701,1.1039785587167816,True,OOS,<55
BTCUSDT,2026-05-13 22:00:00+00:00,SHORT,BEAR_TREND,57.0,57.0,False,79381.5,81308.9802965952,73599.05911021441,-1.0,SL,0.26568364973930286,1.3579905354278798,True,OOS,55-59
BTCUSDT,2026-05-14 04:00:00+00:00,SHORT,BEAR_TREND,62.0,62.0,False,79229.3,79815.68596406715,77470.14210779857,-1.0,SL,0.07043142662138123,4.723339523322655,True,OOS,60-64
BTCUSDT,2026-05-14 10:00:00+00:00,SHORT,BEAR_TREND,62.0,62.0,False,79584.6,79998.97867233957,78341.46398298132,-1.0,SL,0.9570955902745253,5.8265546978284775,False,OOS,60-64
BTCUSDT,2026-05-15 16:00:00+00:00,SHORT,BEAR_TREND,37.0,37.0,False,79159.0,81276.81425064994,72805.55724805017,0.4508894015171264,TIME,0.7352863923368649,0.1761722020170107,False,OOS,<55
BTCUSDT,2026-05-15 22:00:00+00:00,SHORT,BEAR_TREND,57.0,57.0,False,79028.0,80772.11504055434,73795.65487833697,0.4714711936310378,TIME,0.8177212895008906,0.09844534105125567,False,OOS,55-59
BTCUSDT,2026-05-16 04:00:00+00:00,SHORT,BEAR_TREND,56.0,56.0,True,79040.7,79564.72346211947,77468.62961364159,1.9649883534513244,TIME,2.7458694200069025,0.04007454153877627,False,OOS,55-59
BTCUSDT,2026-05-16 10:00:00+00:00,SHORT,BEAR_TREND,64.0,64.0,True,77881.0,79236.04593302155,73815.86220093534,-0.38375082890398904,TIME,0.20604467582690889,0.45378535517896273,False,OOS,60-64
BTCUSDT,2026-05-16 16:00:00+00:00,SHORT,BEAR_TREND,56.0,56.0,True,78204.2,79183.43567371507,75266.49297885479,0.18688044656882868,TIME,0.5400130062600937,0.3677357858439142,False,OOS,55-59
BTCUSDT,2026-05-16 22:00:00+00:00,SHORT,BEAR_TREND,49.0,49.0,False,78205.8,78364.92671306823,77728.41986079533,3.0,TP3R,3.3331927102183236,2.2529215433884793,False,OOS,<55
BTCUSDT,2026-05-17 04:00:00+00:00,SHORT,BEAR_TREND,60.0,60.0,True,78011.0,78363.5693124607,76953.29206261788,-1.0,SL,3.8148527182152328,1.569336809656877,False,OOS,60-64
BTCUSDT,2026-05-17 13:00:00+00:00,SHORT,BEAR_TREND,68.0,68.0,False,78220.0,78589.2203371253,77112.3389886241,3.0,TP3R,4.56502481180502,0.6310594963812338,False,OOS,65-69
BTCUSDT,2026-05-17 22:00:00+00:00,SHORT,BEAR_TREND,77.0,77.0,True,78087.7,78592.45826133418,76573.42521599746,3.0,TP3R,4.107907009821518,0.05507586924188577,False,OOS,75+
BTCUSDT,2026-05-18 04:00:00+00:00,SHORT,BEAR_TREND,58.0,58.0,True,76996.9,78489.95621178279,72517.73136465161,0.09812088710650128,TIME,0.658180175833164,0.509424892376829,False,OOS,55-59
BTCUSDT,2026-05-18 10:00:00+00:00,SHORT,BEAR_TREND,58.0,58.0,True,76744.6,78488.86412959565,71511.80761121308,-0.01588062239542732,TIME,0.41874392049174985,0.580703336618409,False,OOS,55-59
BTCUSDT,2026-05-18 16:00:00+00:00,SHORT,BEAR_TREND,64.0,64.0,True,76481.7,77802.48881569321,72519.33355292035,0.03543337090982248,TIME,0.2836183919405634,0.6836066366341247,False,OOS,60-64
BTCUSDT,2026-05-19 02:00:00+00:00,SHORT,BEAR_TREND,67.0,67.0,True,76687.9,77501.56690712625,74246.89927862122,-0.11577219028448751,TIME,0.7138056063399224,0.7415810999750758,False,OOS,65-69
BTCUSDT,2026-05-19 10:00:00+00:00,SHORT,BEAR_TREND,73.0,73.0,True,76772.3,77422.50745498003,74821.67763505991,-1.0,SL,1.0230580946206262,1.2914339778306385,False,OOS,70-74
BTCUSDT,2026-05-19 16:00:00+00:00,SHORT,BEAR_TREND,72.0,72.0,True,76435.0,77329.46350114599,73751.60949656203,-1.0,SL,0.005366345293970218,1.5548985489269311,True,OOS,70-74
BTCUSDT,2026-05-19 22:00:00+00:00,SHORT,BEAR_TREND,77.0,77.0,True,76747.0,77105.0741493716,75672.77755188518,-1.0,SL,0.7316920265252088,3.012783809982433,False,OOS,75+
BTCUSDT,2026-05-20 04:00:00+00:00,SHORT,BEAR_TREND,77.0,77.0,True,76790.2,77076.65835596035,75930.82493211895,-1.0,SL,0.48942541588629157,4.746937806863014,True,OOS,75+
BTCUSDT,2026-05-22 16:00:00+00:00,SHORT,BEAR_TREND,63.0,63.0,True,76848.3,77895.59280208635,73706.42159374096,1.291233929332886,TIME,2.525272774463265,0.21178413482661929,False,OOS,60-64
BTCUSDT,2026-05-22 22:00:00+00:00,SHORT,BEAR_TREND,55.0,55.0,True,75874.8,77585.75558674341,70741.93323976977,-0.43887755229768316,TIME,0.9767641036088595,0.9072123274423596,False,OOS,55-59
BTCUSDT,2026-05-23 04:00:00+00:00,SHORT,BEAR_TREND,58.0,58.0,True,75597.5,77103.15013981517,71080.54958055448,-1.0,SL,0.9257794776754062,1.2150897154797065,False,OOS,55-59
BTCUSDT,2026-05-23 10:00:00+00:00,SHORT,BEAR_TREND,62.0,62.0,True,74720.5,76088.22322167012,70617.33033498963,-1.0,SL,0.07282175108380812,1.97883603723208,True,OOS,60-64
BTCUSDT,2026-05-23 17:00:00+00:00,SHORT,BEAR_TREND,58.0,58.0,False,75425.0,75702.73085116223,74591.80744651332,-1.0,SL,0.330175778514553,7.831322990939755,True,OOS,55-59
BTCUSDT,2026-05-26 20:00:00+00:00,SHORT,BEAR_TREND,47.0,48.0,True,76089.2,78124.07481042354,69984.57556872937,0.40169547326101074,TIME,0.7161128500562122,0.033712147621370044,False,OOS,<55
BTCUSDT,2026-05-27 02:00:00+00:00,SHORT,BEAR_TREND,51.0,52.0,False,75788.4,78116.99137126718,68802.62588619842,0.6243688858164926,TIME,0.7250735448191532,0.1576489565879627,False,OOS,<55
BTCUSDT,2026-05-27 08:00:00+00:00,SHORT,BEAR_TREND,73.0,73.0,True,75883.2,76193.04839855933,74953.654804322,3.0,TP3R,10.377010224838372,0.8788168706570201,False,OOS,70-74
BTCUSDT,2026-05-27 14:00:00+00:00,SHORT,BEAR_TREND,66.0,66.0,True,74983.7,76194.62320936532,71350.93037190402,1.4038875354375364,TIME,2.004833982224531,0.4147248942921922,False,OOS,65-69
BTCUSDT,2026-05-27 20:00:00+00:00,SHORT,BEAR_TREND,78.0,78.0,True,75271.8,76194.66643558958,72503.20069323128,2.0119921240973335,TIME,2.942787704988979,0.12916278607948942,False,OOS,75+
BTCUSDT,2026-05-28 02:00:00+00:00,SHORT,BEAR_TREND,60.0,60.0,True,74334.5,75526.12956812765,70759.61129561704,0.6163828253725546,TIME,1.4924940162356546,0.0177068449494411,False,OOS,60-64
BTCUSDT,2026-05-28 08:00:00+00:00,SHORT,BEAR_TREND,53.0,53.0,True,73419.9,75435.05740511962,67374.42778464113,-0.1298657858364552,TIME,0.4287010026140921,0.25422331709596263,False,OOS,<55
BTCUSDT,2026-05-28 14:00:00+00:00,SHORT,BEAR_TREND,57.0,57.0,True,73283.7,74554.74221838477,69470.57334484569,0.23697088550115958,TIME,0.488968809226335,0.51021121928122,False,OOS,55-59
BTCUSDT,2026-05-28 20:00:00+00:00,SHORT,BEAR_TREND,63.0,63.0,True,73414.9,73766.63505195933,72359.694844122,-1.0,SL,2.783060700226085,2.496765662415563,False,OOS,60-64
BTCUSDT,2026-05-29 02:00:00+00:00,SHORT,BEAR_TREND,68.0,68.0,True,73599.9,73970.08787312428,72489.33638062712,3.0,TP3R,3.1440792216583904,1.8725626913425928,False,OOS,65-69
BTCUSDT,2026-05-29 11:00:00+00:00,SHORT,BEAR_TREND,73.0,73.0,True,73612.3,73942.09317644764,72622.92047065709,3.0,TP3R,3.5667808918016437,2.0643240934613307,False,OOS,70-74
BTCUSDT,2026-05-29 19:00:00+00:00,SHORT,BEAR_TREND,78.0,78.0,True,73395.0,74342.29096369955,70553.12710890136,-0.642674767657867,TIME,0.2796395301454737,0.7535171635252712,False,OOS,75+
BTCUSDT,2026-05-30 01:00:00+00:00,SHORT,BEAR_TREND,71.0,71.0,True,73537.9,74334.9946842028,71146.61594739158,-0.7199897469821671,TIME,0.5116079784271038,0.7516045607545111,False,OOS,70-74
BTCUSDT,2026-05-30 07:00:00+00:00,SHORT,BEAR_TREND,60.0,60.0,False,73507.0,74056.48987900213,71858.53036299362,-1.0,SL,0.10664436641931156,1.3521632124494987,True,OOS,60-64
BTCUSDT,2026-05-31 16:00:00+00:00,SHORT,BEAR_TREND,59.0,59.0,True,73585.9,74221.93822459178,71677.78532622464,3.0,TP3R,4.614502535415546,0.9339061349358889,False,OOS,55-59
BTCUSDT,2026-06-01 01:00:00+00:00,SHORT,BEAR_TREND,70.0,70.0,True,73533.5,74207.22656594847,71512.32030215459,3.0,TP3R,4.27859037433368,0.6906362662795635,False,OOS,70-74
BTCUSDT,2026-06-01 07:00:00+00:00,SHORT,BEAR_TREND,69.0,69.0,True,73091.7,74211.49327899211,69732.32016302364,3.0,TP3R,3.058510945058192,0.015449280081028851,False,OOS,65-69
BTCUSDT,2026-06-01 13:00:00+00:00,SHORT,BEAR_TREND,59.0,59.0,True,71820.9,74108.7433024397,64957.37009268087,1.280638405993806,TIME,1.2924399135407643,0.20416608056237942,False,OOS,55-59
BTCUSDT,2026-06-01 19:00:00+00:00,SHORT,BEAR_TREND,55.0,55.0,True,71404.3,73342.72114282816,65589.03657151553,2.105012120352085,TIME,2.2537929985771434,0.13707031672814962,False,OOS,55-59
BTCUSDT,2026-06-02 01:00:00+00:00,SHORT,BEAR_TREND,46.0,46.0,False,71345.6,72346.80530130319,68341.98409609045,3.0,TP3R,5.188646118072137,0.008889285732316647,False,OOS,<55
BTCUSDT,2026-06-02 07:00:00+00:00,SHORT,BEAR_TREND,61.0,61.0,True,70020.0,71722.74101554306,64911.776953370834,1.751646300156084,TIME,2.737292375912787,0.13484141035199032,False,OOS,60-64
BTCUSDT,2026-06-02 13:00:00+00:00,SHORT,BEAR_TREND,48.0,48.0,True,68891.1,71407.20664949637,61342.78005151093,0.7161858581633255,TIME,1.4037560771547564,0.07905070321236475,False,OOS,<55
BTCUSDT,2026-06-02 19:00:00+00:00,SHORT,BEAR_TREND,48.0,48.0,True,67323.7,70451.44110525522,57940.47668423434,0.4397103064857985,TIME,0.6281210413160746,0.18422240863601783,False,OOS,<55
BTCUSDT,2026-06-03 01:00:00+00:00,SHORT,BEAR_TREND,57.0,57.0,True,66798.9,69485.55406163087,58738.93781510736,1.3790015070831305,TIME,1.4467809814116783,0.2586488561829148,False,OOS,55-59
BTCUSDT,2026-06-03 07:00:00+00:00,SHORT,BEAR_TREND,54.0,54.0,True,67037.4,67971.38342253312,64235.44973240061,3.0,TP3R,6.094968992662257,0.43962236383852055,False,OOS,<55
BTCUSDT,2026-06-03 13:00:00+00:00,SHORT,BEAR_TREND,68.0,68.0,True,67089.1,67555.41913899791,65690.1425830063,3.0,TP3R,12.318387815572427,0.2811379354527857,False,OOS,65-69
BTCUSDT,2026-06-03 19:00:00+00:00,SHORT,BEAR_TREND,50.0,50.0,True,65948.4,67554.2297133047,61130.91086008589,1.2972110197868338,TIME,2.8668045944461054,0.051250764211252776,False,OOS,<55
BTCUSDT,2026-06-04 03:00:00+00:00,SHORT,BEAR_TREND,64.0,64.0,True,63931.0,67061.24387072798,54540.26838781606,0.5082351617639352,TIME,0.5687096831806872,0.2583824243099327,False,OOS,60-64
BTCUSDT,2026-06-04 09:00:00+00:00,SHORT,BEAR_TREND,62.0,62.0,True,63307.0,65912.17279952636,55491.48160142091,0.09204763693356538,TIME,0.8595974901960965,0.4440012578859613,False,OOS,60-64
BTCUSDT,2026-06-04 16:00:00+00:00,SHORT,BEAR_TREND,57.0,57.0,False,63628.1,64826.351389044125,60033.34583286762,3.0,TP3R,3.245562688729574,0.43621898107455964,False,OOS,55-59
BTCUSDT,2026-06-04 22:00:00+00:00,SHORT,BEAR_TREND,55.0,55.0,True,63253.7,64546.930140105665,59374.00957968299,3.0,TP3R,3.227345134145241,0.542285536233095,False,OOS,55-59
BTCUSDT,2026-06-05 04:00:00+00:00,SHORT,BEAR_TREND,60.0,60.0,True,62838.6,64458.23825686116,57979.68522941652,1.6888956459334177,TIME,2.3206416519724127,0.5163498679147918,False,OOS,60-64
BTCUSDT,2026-06-05 10:00:00+00:00,SHORT,BEAR_TREND,68.0,68.0,True,62722.3,64045.57344575572,58752.479662732854,1.6079065191132007,TIME,2.7524923224918942,0.0,False,OOS,65-69
BTCUSDT,2026-06-05 16:00:00+00:00,SHORT,BEAR_TREND,64.0,64.0,True,60867.3,63772.90673952216,52150.47978143354,0.039853982448790355,TIME,0.6151210952566608,0.3847045041559289,False,OOS,60-64
BTCUSDT,2026-06-05 22:00:00+00:00,SHORT,BEAR_TREND,68.0,68.0,True,61370.4,63336.76345139146,55471.309645825626,0.39616277420573287,TIME,0.975964030780772,0.2908923066054932,False,OOS,65-69
BTCUSDT,2026-06-06 04:00:00+00:00,SHORT,BEAR_TREND,53.0,53.0,True,60103.3,62075.693382497586,54186.119852507254,-0.7192277223135213,TIME,0.3305628612353139,0.8419212996431931,False,OOS,<55
BTCUSDT,2026-06-06 10:00:00+00:00,SHORT,BEAR_TREND,68.0,68.0,True,60594.5,62064.28848212423,56185.1345536273,-1.0,SL,0.3051459481787467,1.5974407396407575,True,OOS,65-69
BTCUSDT,2026-06-06 16:00:00+00:00,SHORT,BEAR_TREND,68.0,68.0,True,60751.5,61548.02084436991,58361.937466890275,-1.0,SL,0.4877461810899936,2.7505871509654254,True,OOS,65-69
BTCUSDT,2026-06-06 22:00:00+00:00,SHORT,BEAR_TREND,67.0,67.0,True,60591.4,61358.0152108526,58291.5543674422,-1.0,SL,0.26271328451207226,4.161540176657681,True,OOS,65-69
BTCUSDT,2026-06-07 20:00:00+00:00,SHORT,BEAR_TREND,77.0,77.0,True,61555.7,62994.509703559605,57239.270889321175,-1.0,SL,0.09049146643776658,1.8725895393493102,True,OOS,75+
BTCUSDT,2026-06-09 16:00:00+00:00,SHORT,BEAR_TREND,61.0,61.0,True,60977.3,63554.61932493353,53245.34202519943,-0.5170488527006137,TIME,0.11073521128677477,0.7228052736724984,False,OOS,60-64
BTCUSDT,2026-06-09 22:00:00+00:00,SHORT,BEAR_TREND,70.0,71.0,True,61803.8,62975.619213302525,58288.342360092436,0.500845175891893,TIME,0.9488665037897345,0.8844367699682292,False,OOS,70-74
BTCUSDT,2026-06-10 04:00:00+00:00,SHORT,BEAR_TREND,67.0,67.0,True,61473.7,62299.393756922276,58996.61872923316,-1.0,SL,0.94684014920266,1.7540401484909476,False,OOS,65-69
BTCUSDT,2026-06-10 10:00:00+00:00,SHORT,BEAR_TREND,76.0,77.0,True,61205.4,62165.204617726275,58325.98614682118,-1.0,SL,0.3968516018419807,1.9146605111709216,True,OOS,75+
BTCUSDT,2026-06-10 21:00:00+00:00,SHORT,BEAR_TREND,68.0,69.0,True,61519.2,62895.10022187588,57391.49933437235,-1.0,SL,0.3274946779103333,1.741478024280857,True,OOS,65-69
BTCUSDT,2026-06-11 20:00:00+00:00,LONG,BULL_TREND,63.0,63.0,True,63499.9,62264.13825601384,67207.18523195849,0.0793842344427656,TIME,0.6981119169599864,0.5663713117889152,False,OOS,60-64
BTCUSDT,2026-06-12 02:00:00+00:00,LONG,BULL_TREND,56.0,56.0,True,63640.1,62269.69227293181,67751.32318120456,0.08909757117410294,TIME,0.5272153576846039,0.6130292345893911,False,OOS,55-59
BTCUSDT,2026-06-12 08:00:00+00:00,LONG,BULL_TREND,62.0,62.0,True,63266.3,62758.58024951441,64789.459251456785,0.9769168907170049,TIME,2.159262071155339,0.483928387195912,False,OOS,60-64
BTCUSDT,2026-06-12 14:00:00+00:00,LONG,BULL_TREND,62.0,62.0,True,63418.1,62760.38099682615,65391.25700952155,1.0703659109784256,TIME,1.436023583691936,0.20890380137562106,False,OOS,60-64
BTCUSDT,2026-06-12 20:00:00+00:00,LONG,BULL_TREND,56.0,56.0,True,63597.9,62877.48184363146,65759.15446910562,0.8969790590194718,TIME,1.006498786281369,0.34091311806744345,False,OOS,55-59
BTCUSDT,2026-06-13 02:00:00+00:00,LONG,BULL_TREND,62.0,62.0,True,63762.1,62985.52598851336,66091.82203445992,1.0622297267208904,TIME,1.2566735244355882,0.5177870931197329,False,OOS,60-64
BTCUSDT,2026-06-13 08:00:00+00:00,LONG,BULL_TREND,57.0,57.0,True,63762.3,63322.305045487556,65082.284863537345,1.4700168567085192,TIME,2.217525428402145,0.18000206408676858,False,OOS,55-59
BTCUSDT,2026-06-13 14:00:00+00:00,LONG,BULL_TREND,48.0,48.0,True,64122.0,63334.02913650386,66485.91259048843,0.19493106549459424,TIME,0.7817547939106197,0.32881926477636436,False,OOS,<55
BTCUSDT,2026-06-13 20:00:00+00:00,LONG,BULL_TREND,52.0,52.0,True,64244.1,63619.80353150567,66116.98940548298,-0.7235344468460664,TIME,0.791130536411945,0.9516312040541284,False,OOS,<55
BTCUSDT,2026-06-14 02:00:00+00:00,LONG,BULL_TREND,53.0,53.0,True,64587.0,63837.635346899646,66835.09395930107,-1.0,SL,1.725461688979401,1.2503925773965188,False,OOS,<55
BTCUSDT,2026-06-14 08:00:00+00:00,LONG,BULL_TREND,52.0,52.0,True,64409.1,64090.016662036454,65366.35001389063,-1.0,SL,4.975816067780392,2.379002315961503,False,OOS,<55
BTCUSDT,2026-06-14 22:00:00+00:00,LONG,BULL_TREND,60.0,60.0,True,65090.1,63616.9720937688,69509.48371869358,0.8390310133776173,TIME,1.469865577076489,0.08478557732270632,False,OOS,60-64
BTCUSDT,2026-06-15 04:00:00+00:00,LONG,BULL_TREND,53.0,53.0,True,65692.7,63613.14912784428,71931.35261646716,0.20441913958052654,TIME,0.7514603373852832,0.10757130445580468,False,OOS,<55
BTCUSDT,2026-06-15 10:00:00+00:00,LONG,BULL_TREND,55.0,55.0,True,65700.3,64042.957509877226,70672.32747036833,0.48849287629137866,TIME,0.9383093773724394,0.05623460482998464,False,OOS,55-59
BTCUSDT,2026-06-15 16:00:00+00:00,LONG,BULL_TREND,53.0,53.0,True,67210.7,65429.8897213046,72553.13083608619,-1.0,SL,0.014937020702448272,1.0567661375913973,True,OOS,<55
BTCUSDT,2026-06-15 22:00:00+00:00,LONG,BULL_TREND,61.0,61.0,True,66326.1,65431.57047919693,69009.68856240922,-1.0,SL,0.7049515810656128,1.1148877446824412,False,OOS,60-64
BTCUSDT,2026-06-16 06:00:00+00:00,LONG,BULL_TREND,56.0,56.0,True,66153.4,65569.82620210675,67904.12139367973,-1.0,SL,1.3765182790933896,1.4130175189099876,False,OOS,55-59
BTCUSDT,2026-06-16 12:00:00+00:00,LONG,BULL_TREND,67.0,67.0,True,66519.9,65570.72611829663,69367.42164511008,-1.0,SL,0.28150795670915607,2.10172239086478,True,OOS,65-69
BTCUSDT,2026-06-19 04:00:00+00:00,SHORT,BEAR_TREND,71.0,71.0,True,62843.0,63614.51816847971,60528.44549456086,-1.0,SL,0.7395807685571076,1.1849364504292101,False,OOS,70-74
BTCUSDT,2026-06-19 10:00:00+00:00,SHORT,BEAR_TREND,62.0,62.0,True,62520.9,63128.17960781268,60699.06117656197,-1.0,SL,0.3387237070925242,2.2610671959588458,True,OOS,60-64
BTCUSDT,2026-06-23 08:00:00+00:00,SHORT,BEAR_TREND,58.0,58.0,True,62638.8,64678.56551813443,56519.50344559673,0.0008824543723286373,TIME,0.3769060674695345,0.22164312318285032,False,OOS,55-59
BTCUSDT,2026-06-23 14:00:00+00:00,SHORT,BEAR_TREND,62.0,62.0,True,62702.5,64290.36451399939,57938.90645800183,0.9392489011821161,TIME,1.0233240844379914,0.3193597410416047,False,OOS,60-64
BTCUSDT,2026-06-23 20:00:00+00:00,SHORT,BEAR_TREND,62.0,62.0,True,62416.1,63113.53589466906,60323.79231599281,-1.0,SL,4.812055166148979,1.1377389751018196,False,OOS,60-64
BTCUSDT,2026-06-24 03:00:00+00:00,SHORT,BEAR_TREND,62.0,62.0,False,62555.9,63129.34256714635,60835.57229856096,-1.0,SL,6.096338500639806,1.1399572292880866,False,OOS,60-64
BTCUSDT,2026-06-24 09:00:00+00:00,SHORT,BEAR_TREND,67.0,67.0,True,62750.1,63125.1656754261,61624.9029737217,-1.0,SL,9.838543598551896,1.225118772806861,False,OOS,65-69
BTCUSDT,2026-06-24 15:00:00+00:00,SHORT,BEAR_TREND,56.0,56.0,True,60871.9,63256.81084670659,53717.167459880235,0.7710980066779195,TIME,1.1916168706786192,0.44412561646179993,False,OOS,55-59
BTCUSDT,2026-06-24 21:00:00+00:00,SHORT,BEAR_TREND,62.0,62.0,True,60691.3,63272.2391196152,52948.482641154405,0.42453539166137555,TIME,1.0311362944495897,0.4803677818579625,False,OOS,60-64
BTCUSDT,2026-06-25 03:00:00+00:00,SHORT,BEAR_TREND,60.0,60.0,True,60730.1,61411.46704312068,58685.998870637944,-1.0,SL,3.962768712195775,1.7626329481675227,False,OOS,60-64
BTCUSDT,2026-06-25 11:00:00+00:00,SHORT,BEAR_TREND,71.0,71.0,True,61330.1,61976.57346826267,59390.67959521198,3.0,TP3R,5.10477252665706,0.6385412863258841,False,OOS,70-74
BTCUSDT,2026-06-25 17:00:00+00:00,SHORT,BEAR_TREND,58.0,58.0,True,59380.9,62007.7837241739,51500.248827478295,-0.30800754237968525,TIME,0.41604429992183795,0.5150970282955784,False,OOS,55-59
BTCUSDT,2026-06-25 23:00:00+00:00,SHORT,BEAR_TREND,67.0,67.0,True,59917.7,61809.62082591359,54241.93752225922,-0.07140890789378948,TIME,0.8613996831569467,0.43146625842855696,False,OOS,65-69
BTCUSDT,2026-06-26 06:00:00+00:00,SHORT,BEAR_TREND,62.0,62.0,True,59686.1,60312.25424643045,57807.637260708645,-1.0,SL,2.0731313528577697,1.6735492987132443,False,OOS,60-64
BTCUSDT,2026-06-26 12:00:00+00:00,SHORT,BEAR_TREND,60.0,60.0,True,59436.7,60795.617381246164,55359.9478562615,-0.6099708572715996,TIME,0.7717172614558132,0.8413315009272775,False,OOS,60-64
BTCUSDT,2026-06-26 20:00:00+00:00,SHORT,BEAR_TREND,72.0,72.0,True,59702.2,60800.973534475255,56405.87939657422,-1.0,SL,0.13305744579097264,1.1126041551263153,True,OOS,70-74
BTCUSDT,2026-06-28 00:00:00+00:00,SHORT,BEAR_TREND,63.0,63.0,False,60107.2,60959.08147481737,57551.55557554787,0.6457471095000955,TIME,1.4311850134566744,0.5119256761552374,False,OOS,60-64
BTCUSDT,2026-06-28 06:00:00+00:00,SHORT,BEAR_TREND,67.0,67.0,True,59811.7,60660.73444498463,57264.596665046105,-0.3980992785352996,TIME,1.1326984501993977,0.8616847105811465,False,OOS,65-69
BTCUSDT,2026-06-28 13:00:00+00:00,SHORT,BEAR_TREND,77.0,77.0,True,60099.7,60574.60321371021,58674.99035886936,-1.0,SL,2.631483561116879,1.3868088928155524,False,OOS,75+
BTCUSDT,2026-06-28 19:00:00+00:00,SHORT,BEAR_TREND,61.0,61.0,True,59478.6,60573.83900036275,56192.882998911744,-1.0,SL,0.5739386561214506,1.1684207735262877,False,OOS,60-64
BTCUSDT,2026-06-29 01:00:00+00:00,SHORT,BEAR_TREND,76.0,76.0,True,59462.5,60475.08321230976,56424.75036307073,-1.0,SL,0.6048885588403686,1.2796972972169003,False,OOS,75+
BTCUSDT,2026-06-30 08:00:00+00:00,SHORT,BEAR_TREND,65.0,65.0,True,59405.0,60608.22361048523,55795.32916854432,0.6128536654152158,TIME,1.3683242130995528,0.032828478144698914,False,OOS,65-69
BTCUSDT,2026-06-30 14:00:00+00:00,SHORT,BEAR_TREND,73.0,73.0,True,58971.7,60070.422442793635,55675.53267161908,-0.889123551090949,TIME,1.104100501411022,0.9049601257546646,False,OOS,70-74
BTCUSDT,2026-06-30 20:00:00+00:00,SHORT,BEAR_TREND,72.0,72.0,True,58838.3,59601.830043697024,56547.70986890894,-1.0,SL,1.4140897387247329,2.20253284580288,False,OOS,70-74
BTCUSDT,2026-07-01 02:00:00+00:00,SHORT,BEAR_TREND,79.0,79.0,True,58774.0,59312.00628028569,57159.981159142924,-1.0,SL,0.8919970223120167,4.7360041943134235,False,OOS,75+
BTCUSDT,2026-07-01 08:00:00+00:00,SHORT,BEAR_TREND,73.0,73.0,True,58667.6,59488.71442472145,56204.256725835636,-1.0,SL,0.45486961226713557,3.2326797826021028,True,OOS,70-74
BTCUSDT,2026-07-02 20:00:00+00:00,LONG,BULL_TREND,57.0,57.0,True,61413.3,60032.81698284261,65554.74905147217,0.7185890646033929,TIME,0.770310092035528,0.13350399657903972,False,OOS,55-59
BTCUSDT,2026-07-03 02:00:00+00:00,LONG,BULL_TREND,56.0,56.0,True,61501.6,61073.101585709606,62787.095242871175,3.0,TP3R,3.39697873190621,0.5381583509051717,False,OOS,55-59
BTCUSDT,2026-07-03 08:00:00+00:00,LONG,BULL_TREND,49.0,49.0,True,61726.1,61194.16897509454,63321.89307471638,1.4951186578022013,TIME,2.314397811668906,0.4613380090841959,False,OOS,<55
BTCUSDT,2026-07-03 14:00:00+00:00,LONG,BULL_TREND,73.0,73.0,True,61739.3,61234.85965451883,63252.62103644353,1.7873272986124433,TIME,2.4143588253993875,0.08504474391135375,False,OOS,70-74
BTCUSDT,2026-07-03 20:00:00+00:00,LONG,BULL_TREND,58.0,58.0,True,62405.4,61445.44673545068,65285.25979364797,0.9452543509250997,TIME,1.0881779755084375,0.10708854669947415,False,OOS,55-59
BTCUSDT,2026-07-04 02:00:00+00:00,LONG,BULL_TREND,65.0,65.0,True,62502.1,61618.40243619048,65153.19269142855,0.2353746445824024,TIME,1.0726520461522095,0.22575596920283306,False,OOS,65-69
BTCUSDT,2026-07-04 08:00:00+00:00,LONG,BULL_TREND,62.0,62.0,True,62521.4,62100.7959551699,63783.2121344903,1.0996090163298942,TIME,2.2077771514895956,0.3216802160204062,False,OOS,60-64
BTCUSDT,2026-07-04 14:00:00+00:00,LONG,BULL_TREND,55.0,55.0,True,62640.8,62278.130277302305,63728.809168093096,0.20569679609615824,TIME,2.2312311984050117,0.6361159632625406,False,OOS,55-59
BTCUSDT,2026-07-04 20:00:00+00:00,LONG,BULL_TREND,61.0,61.0,True,63312.8,62358.08252667963,66176.95241996112,-0.5443495217412975,TIME,0.12275882999437741,0.9455153228321482,False,OOS,60-64
BTCUSDT,2026-07-05 08:00:00+00:00,LONG,BULL_TREND,61.0,61.0,True,62984.0,62524.012206530126,64363.96338040962,-1.0,SL,2.188536335727631,1.2476418029940344,False,OOS,60-64
BTCUSDT,2026-07-05 15:00:00+00:00,LONG,BULL_TREND,78.0,78.0,True,62785.8,62385.20717784444,63987.5784664667,3.0,TP3R,3.0077922852349164,3.7164919530730964,False,OOS,75+
BTCUSDT,2026-07-05 22:00:00+00:00,LONG,BULL_TREND,64.0,64.0,True,63200.7,62384.70678355311,65648.67964934066,-1.0,SL,1.8274661724434458,2.332985080794375,False,OOS,60-64
BTCUSDT,2026-07-06 04:00:00+00:00,LONG,BULL_TREND,84.0,84.0,True,63312.0,62530.93678179973,65655.1896546008,-1.0,SL,1.766694382536129,2.5798167844121287,False,OOS,75+
BTCUSDT,2026-07-06 16:00:00+00:00,LONG,BULL_TREND,53.0,53.0,True,63718.3,61244.3296195738,71140.21114127862,0.05424478848323067,TIME,0.39353745206612856,0.4366665052044376,False,OOS,<55
BTCUSDT,2026-07-06 22:00:00+00:00,LONG,BULL_TREND,58.0,58.0,True,64346.0,61244.384551197494,73650.84634640752,-0.29674858640369367,TIME,0.037819001722244755,0.5506807752906432,False,OOS,55-59
BTCUSDT,2026-07-07 12:00:00+00:00,LONG,BULL_TREND,62.0,62.0,True,63794.9,62700.03100374333,67079.50698877001,-1.0,SL,0.401143882511616,1.9058901175705745,True,OOS,60-64
BTCUSDT,2026-07-07 18:00:00+00:00,LONG,BULL_TREND,58.0,58.0,True,64000.0,62588.207448106674,68235.37765567997,-1.0,SL,0.09002739094320007,1.756632018403924,True,OOS,55-59
BTCUSDT,2026-07-08 01:00:00+00:00,LONG,BULL_TREND,70.0,70.0,True,63607.6,62591.241309165365,66656.6760725039,-1.0,SL,0.0,2.0539992611128874,True,OOS,70-74
BTCUSDT,2026-07-10 00:00:00+00:00,LONG,BULL_TREND,68.0,68.0,True,63200.0,62390.106775005435,65629.6796749837,1.033469566319211,TIME,1.8274013836946623,0.3741233913915424,False,OOS,65-69
BTCUSDT,2026-07-10 06:00:00+00:00,LONG,BULL_TREND,55.0,55.0,True,64006.0,62642.19459627754,68097.41621116738,0.10500031720738008,TIME,0.4942054036157515,0.2831049055430874,False,OOS,55-59
BTCUSDT,2026-07-10 12:00:00+00:00,LONG,BULL_TREND,58.0,58.0,True,64513.9,62862.91454457802,69466.85636626594,-0.19497446143020472,TIME,0.10060657981844229,0.541494776385841,False,OOS,55-59
BTCUSDT,2026-07-10 21:00:00+00:00,LONG,BULL_TREND,70.0,70.0,True,63926.2,63684.22965258265,64652.11104225203,-1.0,SL,2.36061982840738,1.0637667083894278,False,OOS,70-74
BTCUSDT,2026-07-11 03:00:00+00:00,LONG,BULL_TREND,54.0,54.0,True,64154.6,63591.20868228837,65844.77395313488,-0.14536965236287544,TIME,0.6084580809522985,0.8825127125130643,False,OOS,<55
BTCUSDT,2026-07-11 09:00:00+00:00,LONG,BULL_TREND,59.0,59.0,True,64190.2,63597.50134655809,65968.29596032572,-0.5665610982072362,TIME,0.5183072345719705,0.991060122355365,False,OOS,55-59
BTCUSDT,2026-07-11 15:00:00+00:00,LONG,BULL_TREND,56.0,56.0,True,64433.5,63945.24230055195,65898.27309834414,-1.0,SL,0.0399379262673048,1.7013556589871786,True,OOS,55-59
BTCUSDT,2026-07-11 21:00:00+00:00,LONG,BULL_TREND,59.0,59.0,True,64320.0,63648.10221514113,66335.69335457661,-1.0,SL,0.126805002070208,1.0674242662530038,True,OOS,55-59
BTCUSDT,2026-07-12 04:00:00+00:00,LONG,BULL_TREND,66.0,66.0,True,64154.2,63635.76237840249,65709.51286479252,-1.0,SL,0.4968775205901163,2.881542422397341,True,OOS,65-69
BTCUSDT,2026-07-12 12:00:00+00:00,LONG,BULL_TREND,67.0,67.0,True,64079.7,63579.859180855274,65579.22245743417,-1.0,SL,0.6644115231890454,3.290647616203914,False,OOS,65-69
BTCUSDT,2026-07-12 19:00:00+00:00,LONG,BULL_TREND,61.0,61.0,True,64143.7,63581.39457163157,65830.61628510526,-1.0,SL,0.47678714533829025,4.157349159482639,True,OOS,60-64
BTCUSDT,2026-07-14 00:00:00+00:00,SHORT,BEAR_TREND,70.0,70.0,True,62413.8,63110.94791592575,60322.35625222275,-1.0,SL,0.22305166012511105,3.8961602522947008,True,OOS,70-74
BTCUSDT,2026-07-14 08:00:00+00:00,SHORT,BEAR_TREND,68.0,68.0,True,62527.2,62879.92009406439,61469.03971780681,-1.0,SL,0.07059422023018679,7.747786547995974,True,OOS,65-69
BTCUSDT,2026-07-15 00:00:00+00:00,LONG,BULL_TREND,64.0,64.0,True,64891.5,62690.943505098105,71493.1694847057,-0.04430697427031825,TIME,0.31728337882601104,0.2002220806513042,False,OOS,60-64
BTCUSDT,2026-07-15 06:00:00+00:00,LONG,BULL_TREND,58.0,58.0,True,65016.1,64332.32823669467,67067.41528991598,-0.2591508007634293,TIME,0.8388764069859205,0.9563132540587448,False,OOS,55-59
BTCUSDT,2026-07-15 12:00:00+00:00,LONG,BULL_TREND,73.0,73.0,True,64697.1,64417.806170504,65534.98148848799,3.0,TP3R,3.1959173663476608,3.05771166352331,False,OOS,70-74
BTCUSDT,2026-07-15 18:00:00+00:00,LONG,BULL_TREND,71.0,71.0,True,65094.1,64411.64510695005,67141.46467914985,-1.0,SL,0.004102835262107159,1.8478876960849837,True,OOS,70-74
BTCUSDT,2026-07-16 06:00:00+00:00,LONG,BULL_TREND,74.0,74.0,True,64838.9,64331.431151571516,66361.30654528545,-1.0,SL,0.0705462022168652,4.152176052826109,True,OOS,70-74
BTCUSDT,2026-07-18 20:00:00+00:00,LONG,BULL_TREND,56.0,56.0,True,64588.1,63892.08675466787,66676.13973599637,-0.15488210996409274,TIME,0.5182372640450017,0.4721174520798025,False,OOS,55-59
BTCUSDT,2026-07-19 02:00:00+00:00,LONG,BULL_TREND,54.0,54.0,True,64869.1,63905.761618781245,67759.11514365626,-0.07743904058470034,TIME,0.22370124994642424,0.6327994522846399,False,OOS,<55
BTCUSDT,2026-07-19 08:00:00+00:00,LONG,BULL_TREND,58.0,58.0,True,64678.7,64427.999451688374,65430.801644934865,-1.0,SL,1.6190630723929038,3.7598641341156522,False,OOS,55-59
BTCUSDT,2026-07-19 14:00:00+00:00,LONG,BULL_TREND,60.0,60.0,True,64517.5,64240.78124473733,65347.65626578801,-1.0,SL,2.0493731964849564,2.8238057057544563,False,OOS,60-64
BTCUSDT,2026-07-19 21:00:00+00:00,LONG,BULL_TREND,61.0,61.0,True,64510.9,64239.392762846604,65325.42171146019,-1.0,SL,4.703742019511836,2.8536992535571124,False,OOS,60-64
BTCUSDT,2026-07-20 03:00:00+00:00,LONG,BULL_TREND,80.0,80.0,True,64812.9,64233.44249842259,66551.27250473223,-1.0,SL,1.6827808723600324,1.8582898608935394,False,OOS,75+
BTCUSDT,2026-07-20 12:00:00+00:00,LONG,BULL_TREND,58.0,58.0,True,64729.5,63699.84930126758,67818.45209619726,1.6011255098739454,TIME,1.6495885469615956,0.6751804285238131,False,OOS,55-59
BTCUSDT,2026-07-20 18:00:00+00:00,LONG,BULL_TREND,59.0,59.0,True,65725.1,63692.8752752762,71821.77417417141,0.26133920798162313,TIME,0.5899938060063478,0.35119147568534864,False,OOS,55-59
BTCUSDT,2026-07-21 00:00:00+00:00,LONG,BULL_TREND,78.0,78.0,True,65152.5,63996.807735329334,68619.576794012,1.2969715605279497,TIME,1.5329340293757636,0.03218849960079801,False,OOS,75+
BTCUSDT,2026-07-21 06:00:00+00:00,LONG,BULL_TREND,70.0,70.0,True,65706.0,64974.38607102844,67900.84178691468,0.34676759142165,TIME,1.6649491648037789,0.10292313612160643,False,OOS,70-74
BTCUSDT,2026-07-21 12:00:00+00:00,LONG,BULL_TREND,58.0,58.0,True,66378.1,65081.36067100081,70268.3179869976,-0.38404017589591344,TIME,0.42105609646419423,0.5471415758999008,False,OOS,55-59
BTCUSDT,2026-07-21 18:00:00+00:00,LONG,BULL_TREND,73.0,73.0,True,66256.2,65427.15172036401,68743.34483890796,-0.3581214837456212,TIME,0.5485808380178941,0.9060992205783593,False,OOS,70-74
BTCUSDT,2026-07-22 00:00:00+00:00,LONG,BULL_TREND,62.0,62.0,True,66651.4,65908.35116076056,68880.54651771829,-1.0,SL,0.0802100707956303,1.5428326369144487,True,OOS,60-64
BTCUSDT,2026-07-22 16:00:00+00:00,LONG,BULL_TREND,77.0,77.0,True,66090.2,65473.721766772884,67939.63469968134,-1.0,SL,0.44348686663084,2.261231499939178,True,OOS,75+
BTCUSDT,2026-07-23 00:00:00+00:00,LONG,BULL_TREND,70.0,70.0,True,66154.1,65474.747986216345,68192.15604135099,-1.0,SL,0.19135882040882343,2.2346294250971996,True,OOS,70-74
BTCUSDT,2026-07-25 08:00:00+00:00,SHORT,BEAR_TREND,57.0,57.0,True,63936.0,64279.4949752629,62905.51507421129,-1.0,SL,0.51092450439974,1.8340879645118875,False,OOS,55-59
BTCUSDT,2026-07-26 06:00:00+00:00,SHORT,BEAR_TREND,68.0,68.0,False,64323.6,64579.876911392596,63554.76926582221,-1.0,SL,0.26221636445841096,5.458548694060823,True,OOS,65-69
BTCUSDT,2026-07-26 13:00:00+00:00,SHORT,BEAR_TREND,57.0,57.0,False,64391.9,64652.8201254116,63609.13962376521,-1.0,SL,0.0,5.099644950350211,True,OOS,55-59
BTCUSDT,2026-07-28 00:00:00+00:00,SHORT,BEAR_TREND,65.0,65.0,True,63654.0,65725.81113378613,57438.5665986416,-0.1608254703174079,TIME,0.47972519492338944,0.251470798425481,False,OOS,65-69
BTCUSDT,2026-07-28 06:00:00+00:00,SHORT,BEAR_TREND,48.0,48.0,True,63390.3,65103.23285963558,58251.50142109327,-0.4135597002621018,TIME,0.4262864104056903,0.4581031857646425,False,OOS,<55
BTCUSDT,2026-07-28 12:00:00+00:00,SHORT,BEAR_TREND,67.0,67.0,True,63415.5,63933.29616190357,61862.11151428929,-1.0,SL,1.458875240061513,2.5114129761397805,False,OOS,65-69
BTCUSDT,2026-07-28 18:00:00+00:00,SHORT,BEAR_TREND,62.0,62.0,True,63670.8,64121.14866210901,62319.75401367299,-1.0,SL,0.3215286558683162,2.3206463967401247,True,OOS,60-64
BTCUSDT,2026-07-29 04:00:00+00:00,SHORT,BEAR_TREND,60.0,60.0,False,63719.6,64211.17738931817,62244.86783204549,-1.0,SL,0.9878403900422255,2.0267408990919997,False,OOS,60-64
BTCUSDT,2026-07-30 01:00:00+00:00,SHORT,BEAR_TREND,63.0,63.0,False,63677.7,64750.07683043803,60460.56950868589,-1.0,SL,0.014080871174576405,1.59794575130838,True,OOS,60-64
BTCUSDT,2026-07-31 12:00:00+00:00,SHORT,BEAR_TREND,41.0,41.0,False,63695.0,65422.695404890816,58511.91378532755,0.3613484172225697,TIME,0.7434759601511911,0.06511564462203892,False,OOS,<55
BTCUSDT,2026-07-31 18:00:00+00:00,SHORT,BEAR_TREND,49.0,49.0,False,63116.5,64513.45077960257,58925.647661192284,0.30967447551951105,TIME,0.3777513193056996,0.029134884774949705,False,OOS,<55
BTCUSDT,2026-08-01 00:00:00+00:00,SHORT,BEAR_TREND,67.0,67.0,True,62927.2,63973.85867249625,59787.223982511234,0.0298091448720201,TIME,0.6672662429045066,0.19051100921414763,False,OOS,65-69
BTCUSDT,2026-08-01 06:00:00+00:00,SHORT,BEAR_TREND,59.0,59.0,True,63001.9,63298.764665898794,62111.30600230362,-1.0,SL,2.6042169675510127,2.082093529482965,False,OOS,55-59
BTCUSDT,2026-08-01 12:00:00+00:00,SHORT,BEAR_TREND,73.0,73.0,True,63070.8,63144.74505991236,62848.964820262925,3.0,TP3R,11.386832345500162,7.42713577689864,False,OOS,70-74
BTCUSDT,2026-08-01 18:00:00+00:00,SHORT,BEAR_TREND,61.0,61.0,True,62683.9,63143.333893055365,61305.59832083391,-1.0,SL,0.9905668843311844,2.037507493786911,False,OOS,60-64
BTCUSDT,2026-08-02 00:00:00+00:00,SHORT,BEAR_TREND,73.0,73.0,True,62896.0,63115.526630591135,62237.42010822659,-1.0,SL,0.5179326065991573,4.022291043333928,False,OOS,70-74
BTCUSDT,2026-08-02 16:00:00+00:00,SHORT,BEAR_TREND,61.0,61.0,True,63080.3,63637.880352963104,61407.5589411107,-1.0,SL,1.4564716918096787,1.5777098230328297,False,OOS,60-64
BTCUSDT,2026-08-03 08:00:00+00:00,SHORT,BEAR_TREND,61.0,61.0,True,62543.9,63801.021781340736,58772.5346559778,-1.0,SL,0.2193104948877484,1.3490339799786977,True,OOS,60-64
BTCUSDT,2026-08-05 04:00:00+00:00,LONG,BULL_TREND,73.0,74.0,True,64090.3,63750.18064143984,65110.6580756805,1.3518783580754634,TIME,2.7393324624160877,0.7153371129181542,False,OOS,70-74
BTCUSDT,2026-08-05 10:00:00+00:00,LONG,BULL_TREND,73.0,74.0,True,64118.1,63888.958596870725,64805.52420938782,-1.0,SL,3.9447257791733668,1.1831122455292535,False,OOS,70-74
BTCUSDT,2026-08-05 16:00:00+00:00,LONG,BULL_TREND,69.0,69.0,True,64587.0,63814.227055630385,66905.31883310885,0.03183341262039892,TIME,0.5629079060924532,0.6159635937931213,False,OOS,65-69
BTCUSDT,2026-08-05 22:00:00+00:00,LONG,BULL_TREND,61.0,61.0,True,64658.5,63818.12217161193,67179.6334851642,-0.3037919271260345,TIME,0.3726895087186527,0.6514926756815589,False,OOS,60-64
BTCUSDT,2026-08-06 04:00:00+00:00,LONG,BULL_TREND,67.0,67.0,True,64550.0,64324.2156698442,65227.35299046741,-1.0,SL,1.8677115445035681,1.9443333365830497,False,OOS,65-69
BTCUSDT,2026-08-06 15:00:00+00:00,LONG,BULL_TREND,67.0,67.0,True,64823.4,64081.96112078557,67047.71663764329,0.15119250304053478,TIME,0.7210304382289984,0.9375014171585805,False,OOS,65-69
BTCUSDT,2026-08-07 12:00:00+00:00,LONG,BULL_TREND,61.0,61.0,True,65188.1,64103.80927382964,68440.97217851107,-0.1868502562182451,TIME,0.15669229285034722,0.643831016120225,False,OOS,60-64
BTCUSDT,2026-08-07 18:00:00+00:00,LONG,BULL_TREND,88.0,88.0,True,64825.3,64109.80660884075,66971.78017347776,0.3408836517760478,TIME,0.4719819975595453,0.23801757235532314,False,OOS,75+
BTCUSDT,2026-08-08 00:00:00+00:00,LONG,BULL_TREND,67.0,67.0,True,64868.2,64465.76208466126,66075.5137460162,0.16524287962287684,TIME,0.7325353520725499,0.20847936241140458,False,OOS,65-69
BTCUSDT,2026-08-08 06:00:00+00:00,LONG,BULL_TREND,68.0,68.0,True,64950.1,64471.1236524152,66387.02904275441,-0.34156175106545045,TIME,0.4444895892532735,0.5221552196911333,False,OOS,65-69
BTCUSDT,2026-08-08 12:00:00+00:00,LONG,BULL_TREND,68.0,68.0,True,64985.4,64770.0485052081,65631.45448437572,-1.0,SL,0.8246982458682992,1.325275221682521,False,OOS,65-69
BTCUSDT,2026-08-08 18:00:00+00:00,LONG,BULL_TREND,60.0,60.0,True,65069.1,64878.60594082624,65640.58217752128,-1.0,SL,1.1065961894786402,1.9375932330956303,False,OOS,60-64
BTCUSDT,2026-08-09 08:00:00+00:00,LONG,BULL_TREND,58.0,58.0,True,64892.3,64690.544034367245,65497.567896898276,1.7253517084774628,TIME,2.9263075227954274,0.6597078781912131,False,OOS,55-59
BTCUSDT,2026-08-09 14:00:00+00:00,LONG,BULL_TREND,53.0,53.0,True,65212.0,64689.04387588958,66780.86837233126,-1.0,SL,0.517634247921804,1.3957193851427026,False,OOS,<55
BTCUSDT,2026-08-09 20:00:00+00:00,LONG,BULL_TREND,74.0,74.0,True,65049.2,64748.986724298644,65949.83982710406,-1.0,SL,1.443973451831084,4.201013419721705,False,OOS,70-74
BTCUSDT,2026-08-10 02:00:00+00:00,LONG,BULL_TREND,81.0,81.0,True,65074.5,64773.52702311075,65977.41893066774,-1.0,SL,0.9100484795377131,4.274470131161963,False,OOS,75+
BTCUSDT,2026-08-10 08:00:00+00:00,LONG,BULL_TREND,76.0,76.0,True,65240.3,64772.565283648844,66643.50414905348,-1.0,SL,0.14238840452030427,3.1049651634360784,True,OOS,75+
BTCUSDT,2026-08-11 20:00:00+00:00,SHORT,BEAR_TREND,69.0,69.0,True,63649.9,64495.005755106096,61114.58273468172,0.24848961059747668,TIME,0.4341468482295931,0.9467454163763844,False,OOS,65-69
BTCUSDT,2026-08-12 03:00:00+00:00,SHORT,BEAR_TREND,67.0,67.0,True,63692.7,64262.25844243943,61984.0246726817,-1.0,SL,0.7193291670741319,1.3296265028685526,False,OOS,65-69
BTCUSDT,2026-08-12 16:00:00+00:00,SHORT,BEAR_TREND,58.0,58.0,False,63454.9,64476.540456398936,60389.9786308032,0.01360556927140102,TIME,0.16825880271608706,0.5244506486054563,False,OOS,55-59
BTCUSDT,2026-08-12 22:00:00+00:00,SHORT,BEAR_TREND,61.0,61.0,True,63465.7,64473.342533221235,60442.77240033628,-0.11482246549293014,TIME,0.6606509531429592,0.5210181018477619,False,OOS,60-64
BTCUSDT,2026-08-13 09:00:00+00:00,SHORT,BEAR_TREND,77.0,77.0,True,63590.8,64012.03488913904,62327.095332582896,1.7733573814998977,TIME,2.212542275177918,0.9253744408415695,False,OOS,75+
BTCUSDT,2026-08-13 16:00:00+00:00,SHORT,BEAR_TREND,60.0,60.0,False,63440.8,64015.694683308924,61716.11595007324,0.7493546426981155,TIME,1.6639569433728336,0.3005767926142762,False,OOS,60-64
BTCUSDT,2026-08-13 23:00:00+00:00,SHORT,BEAR_TREND,82.0,82.0,True,63450.0,64006.029550223655,61781.911349329035,0.9868180563052635,TIME,1.7369580440671248,0.2609573536903464,False,OOS,75+
BTCUSDT,2026-08-14 05:00:00+00:00,SHORT,BEAR_TREND,65.0,65.0,True,63308.3,63636.627412367176,62323.317762898485,0.5567613093346448,TIME,2.509994502312236,0.20436916770433952,False,OOS,65-69
BTCUSDT,2026-08-14 11:00:00+00:00,SHORT,BEAR_TREND,55.0,55.0,True,62827.5,63636.31186178678,60401.06441463966,-0.20820663983337476,TIME,0.4244497592327645,0.4794687347231748,False,OOS,55-59
BTCUSDT,2026-08-14 18:00:00+00:00,SHORT,BEAR_TREND,79.0,79.0,True,62974.1,63400.32163442788,61695.43509671636,-0.21561552154282293,TIME,0.47674726852557453,0.45962002905591576,False,OOS,75+
BTCUSDT,2026-08-15 06:00:00+00:00,SHORT,BEAR_TREND,68.0,68.0,True,63010.1,63232.65861299148,62342.424161025556,-0.026959190297567444,TIME,0.5387344861130626,0.5908555873550199,False,OOS,65-69
BTCUSDT,2026-08-15 12:00:00+00:00,SHORT,BEAR_TREND,73.0,73.0,True,62959.6,63184.33525032682,62285.39424901954,-0.1379400870798796,TIME,0.17220262483841736,0.8098418015657446,False,OOS,70-74
BTCUSDT,2026-08-16 00:00:00+00:00,SHORT,BEAR_TREND,69.0,69.0,True,63040.9,63151.30132411843,62709.69602764471,-1.0,SL,3.2590188829079576,2.9809425079627445,False,OOS,65-69
BTCUSDT,2026-08-16 06:00:00+00:00,SHORT,BEAR_TREND,69.0,69.0,True,63016.2,63150.287849229586,62613.93645231123,-1.0,SL,2.4991078753618567,4.33894646936897,False,OOS,65-69
BTCUSDT,2026-08-16 12:00:00+00:00,SHORT,BEAR_TREND,72.0,72.0,True,62990.5,63139.3934818443,62543.819554467096,-1.0,SL,2.0779955990520977,5.121110679629014,False,OOS,70-74
BTCUSDT,2026-08-16 21:00:00+00:00,SHORT,BEAR_TREND,57.0,57.0,False,63035.1,63378.68787446859,62004.33637659423,-1.0,SL,1.0303041122959107,4.556912849213875,False,OOS,55-59
BTCUSDT,2026-08-18 08:00:00+00:00,LONG,BULL_TREND,73.0,73.0,True,64130.4,63979.33634463129,64583.590966106145,-1.0,SL,6.13979582141163,1.0009025640943021,False,OOS,70-74
BTCUSDT,2026-08-18 14:00:00+00:00,LONG,BULL_TREND,73.0,73.0,True,64230.7,63979.51548917137,64984.25353248588,3.0,TP3R,4.70689851097797,0.3957250376310426,False,OOS,70-74
BTCUSDT,2026-08-18 20:00:00+00:00,LONG,BULL_TREND,57.0,57.0,True,64625.0,63956.40963886908,66630.77108339276,3.0,TP3R,8.712360121595276,0.738419260434603,False,OOS,55-59
BTCUSDT,2026-08-19 11:00:00+00:00,LONG,BULL_TREND,79.0,79.0,True,64473.2,64112.74005150856,65554.5798454743,3.0,TP3R,22.23353810469295,0.1331631994092137,False,OOS,75+
BTCUSDT,2026-08-19 19:00:00+00:00,LONG,BULL_TREND,53.0,53.0,True,68094.0,64093.2975529216,80096.10734123521,1.0888087923612169,TIME,1.2126120510518767,2.4995610478066895e-05,False,OOS,<55
BTCUSDT,2026-08-20 03:00:00+00:00,LONG,BULL_TREND,59.0,59.0,True,68977.6,65230.730411961216,80218.20876411637,1.4524925066443617,TIME,1.8121527425655632,0.012570493552901905,False,OOS,55-59
BTCUSDT,2026-08-20 09:00:00+00:00,LONG,BULL_TREND,54.0,54.0,True,71910.0,68463.22605148287,82250.3218455514,1.7308938993712324,TIME,2.218161131016218,0.2350023564349142,False,OOS,<55
BTCUSDT,2026-08-20 15:00:00+00:00,LONG,BULL_TREND,48.0,48.0,True,72211.3,68806.5090763484,82425.6727709548,1.6121988465925812,TIME,2.1570193778957294,0.08035735706983528,False,OOS,<55
BTCUSDT,2026-08-20 21:00:00+00:00,LONG,BULL_TREND,43.0,43.0,True,72662.6,70931.62365602344,77855.5290319297,3.0,TP3R,3.9820879262653333,0.11779479292685763,False,OOS,<55
BTCUSDT,2026-08-21 03:00:00+00:00,LONG,BULL_TREND,57.0,57.0,True,74419.9,71235.39645727396,83973.41062817808,1.2429566954137141,TIME,1.6126846558957755,0.043931494540036094,False,OOS,55-59
BTCUSDT,2026-08-21 12:00:00+00:00,LONG,BULL_TREND,59.0,59.0,True,76938.9,72770.87594403033,89442.972167909,0.0731041845988398,TIME,0.4541480506305849,0.16840113938274784,False,OOS,55-59
BTCUSDT,2026-08-21 18:00:00+00:00,LONG,BULL_TREND,51.0,51.0,True,77304.2,74926.4950119621,84437.31496411367,-0.021238967935073044,TIME,0.6424682656954002,0.3340195709709891,False,OOS,<55
BTCUSDT,2026-08-22 00:00:00+00:00,LONG,BULL_TREND,57.0,57.0,True,77888.6,76146.74392283852,83114.16823148447,-0.457730125039536,TIME,0.5414913507303242,0.7914545972400661,False,OOS,55-59
BTCUSDT,2026-08-22 07:00:00+00:00,LONG,BULL_TREND,62.0,62.0,True,77365.3,76419.58333165008,80202.45000504977,-1.0,SL,0.23823202819625033,1.8793155069382643,True,OOS,60-64
BTCUSDT,2026-08-22 17:00:00+00:00,LONG,BULL_TREND,68.0,68.0,True,77293.6,76445.20041037753,79838.79876886745,-1.0,SL,0.5634137567330739,2.0103734382509084,False,OOS,65-69
BTCUSDT,2026-08-23 01:00:00+00:00,LONG,BULL_TREND,77.0,77.0,True,77423.7,76721.57313262262,79530.08060213212,-1.0,SL,0.9028282913710307,2.6144847680545444,False,OOS,75+
BTCUSDT,2026-08-23 11:00:00+00:00,LONG,BULL_TREND,63.0,63.0,True,76880.9,75538.66095721783,80907.6171283465,0.6922015903174636,TIME,0.8766694772646243,0.17277101366334602,False,OOS,60-64
BTCUSDT,2026-08-23 17:00:00+00:00,LONG,BULL_TREND,66.0,66.0,True,77260.1,75538.68206393563,82424.35380819313,1.04785709629816,TIME,1.5770138925161494,0.35499804387837663,False,OOS,65-69
BTCUSDT,2026-08-23 23:00:00+00:00,LONG,BULL_TREND,72.0,72.0,True,77449.9,76594.44206415681,80016.27380752953,1.472077056318119,TIME,2.9515185892937525,0.9362237071429923,False,OOS,70-74
BTCUSDT,2026-08-24 06:00:00+00:00,LONG,BULL_TREND,72.0,72.0,True,77380.4,76601.08775676055,79718.33672971833,3.0,TP3R,4.991709079058786,0.741038017828962,False,OOS,70-74
BTCUSDT,2026-08-24 12:00:00+00:00,LONG,BULL_TREND,69.0,69.0,True,78127.0,76595.24293152215,82722.27120543354,0.6060360478195685,TIME,2.052218373716264,0.21348032708930118,False,OOS,65-69
BTCUSDT,2026-08-24 18:00:00+00:00,LONG,BULL_TREND,70.0,70.0,True,78973.1,76726.75366678604,85712.1389996419,0.14067287636269438,TIME,1.0227274245432063,0.38863107931845625,False,OOS,70-74
BTCUSDT,2026-08-25 00:00:00+00:00,LONG,BULL_TREND,64.0,64.0,True,78922.2,77651.88602674533,82733.141919764,-0.4708284822433308,TIME,1.848598102076628,0.877027273143786,False,OOS,60-64
BTCUSDT,2026-08-25 06:00:00+00:00,LONG,BULL_TREND,64.0,64.0,True,80812.8,78343.36549848471,88221.10350454588,-1.0,SL,0.04017114037206737,1.2167563052011519,True,OOS,60-64
BTCUSDT,2026-08-25 18:00:00+00:00,LONG,BULL_TREND,68.0,68.0,True,79289.2,78031.88267950188,83061.15196149434,-1.0,SL,0.01471386713472683,1.343495371025974,True,OOS,65-69
BTCUSDT,2026-08-26 03:00:00+00:00,LONG,BULL_TREND,72.0,72.0,True,79003.2,77745.42486696992,82776.52539909024,-1.0,SL,0.14072467752927564,1.1156207203902777,True,OOS,70-74
BTCUSDT,2026-08-27 04:00:00+00:00,LONG,BULL_TREND,75.0,76.0,True,78827.8,77646.08224469838,82372.95326590487,0.8416561361948299,TIME,2.261284463241345,0.22111878985291922,False,OOS,75+
BTCUSDT,2026-08-27 10:00:00+00:00,LONG,BULL_TREND,69.0,69.0,True,79899.9,78463.55333442197,84208.93999673406,-0.5005755346051204,TIME,1.1140068329925674,0.7212047236403912,False,OOS,65-69
BTCUSDT,2026-08-27 16:00:00+00:00,LONG,BULL_TREND,69.0,69.0,True,80377.6,78507.01921770186,85989.34234689444,-1.0,SL,0.6000275479260748,1.3779677543961706,False,OOS,65-69
BTCUSDT,2026-08-27 22:00:00+00:00,LONG,BULL_TREND,61.0,61.0,True,80207.2,78809.24173291108,84401.07480126676,-1.0,SL,0.9247772486743129,2.399284784791536,False,OOS,60-64
BTCUSDT,2026-08-28 06:00:00+00:00,LONG,BULL_TREND,62.0,62.0,True,79877.1,79467.72483130262,81105.22550609216,-1.0,SL,0.2293739512798986,7.386867184988886,True,OOS,60-64
BTCUSDT,2026-08-30 16:00:00+00:00,LONG,BULL_TREND,61.0,61.0,True,79085.0,77904.43472836341,82626.69581490976,-1.0,SL,0.2536073245530453,1.8108274496643673,True,OOS,60-64
BTCUSDT,2026-08-31 04:00:00+00:00,SHORT,BEAR_TREND,52.0,52.0,False,77563.1,79427.89826122634,71968.70521632102,-0.5290116472713018,TIME,0.07287651582785053,0.8930724757887715,False,OOS,<55
