time_utc,address,display_name,coin,side,position_value_usd,signed_position_value_usd,entry_px,leverage_type,leverage_value,liquidation_px,mark_price,liquidation_distance_pct,unrealized_pnl,account_value,status
2026-09-02T08:00:00Z,0x020ca66c30bec2c4fe3861a94e4db4a498a35872,MachiBigBrother,BTC,LONG,38283795.0,38283795.0,77374.4,cross,40.0,71130.4486194113,77366.5,8.060402603954815,-16536.335137,5498840.134224,ACTIVE
2026-09-02T08:00:00Z,0x020ca66c30bec2c4fe3861a94e4db4a498a35872,MachiBigBrother,ETH,LONG,99224877.5,99224877.5,2442.96,cross,25.0,2340.2830760872,2416.65,3.160032437994757,-1120067.408543,5498840.134224,ACTIVE
2026-09-02T08:00:00Z,0x023a3d058020fb76cca98f01b3c48c8938a22355,Auros,BTC,SHORT,9153167.3984,-9153167.3984,77627.2,cross,40.0,187531.5682478211,77366.5,142.3937598932627,33521.312068,16117841.707626,ACTIVE
2026-09-02T08:00:00Z,0x023a3d058020fb76cca98f01b3c48c8938a22355,Auros,ETH,SHORT,11806339.50198,-11806339.50198,2446.18,cross,25.0,5064.619210087,2416.65,109.57189539598204,147994.716566,16117841.707626,ACTIVE
2026-09-02T08:00:00Z,0x10f1d87fbb7617df5641d1c2bcb26f143f43202f,,BTC,SHORT,11085072.31338,-11085072.31338,77495.3,cross,40.0,80912.4453857921,77366.5,4.583308519568681,21979.22645,896544.294852,ACTIVE
2026-09-02T08:00:00Z,0x15a4f009bb324a3fb9e36137136b201e3fe0dfdb,,BTC,LONG,77336000.0,77336000.0,62353.6,cross,40.0,54323.8405044152,77366.5,29.783768808960982,14982345.11882,8443017.631258,ACTIVE
2026-09-02T08:00:00Z,0x15a4f009bb324a3fb9e36137136b201e3fe0dfdb,,ETH,LONG,24154500.0,24154500.0,1761.94,cross,20.0,96.6227038888,2416.65,96.00179157557776,6535018.96602,8443017.631258,ACTIVE
2026-09-02T08:00:00Z,0x218a65e21eddeece7a9df38c6bbdd89f692b7da2,,BTC,SHORT,40639047.62568,-40639047.62568,75908.2,isolated,8.0,86549.2259273861,77366.5,11.869124139499782,-753357.988157,7804981.271203,ACTIVE
2026-09-02T08:00:00Z,0x218a65e21eddeece7a9df38c6bbdd89f692b7da2,,ETH,SHORT,22735367.51014,-22735367.51014,1938.85,cross,10.0,2835.871017177,2416.65,17.347196208677293,-4488581.115511,7804981.271203,ACTIVE
2026-09-02T08:00:00Z,0x45d26f28196d226497130c4bac709d808fed4029,,BTC,SHORT,33072255.0,-33072255.0,76891.9,cross,20.0,154418.8055176146,77366.5,99.59388820434502,-200953.654449,21746082.091174,ACTIVE
2026-09-02T08:00:00Z,0x45d26f28196d226497130c4bac709d808fed4029,,ETH,SHORT,33578433.36,-33578433.36,2443.82,cross,20.0,4769.5738857327,2416.65,97.36303915472656,380918.704533,21746082.091174,ACTIVE
2026-09-02T08:00:00Z,0x50b309f78e774a756a2230e1769729094cac9f20,,BTC,LONG,17392796.5743,17392796.5743,77480.1,cross,38.0,75151.6479035601,77366.5,2.8628050854567633,-31077.74583,703822.825788,ACTIVE
2026-09-02T08:00:00Z,0x5b5d51203a0f9079f8aeb098a6523a13f298c060,,BTC,SHORT,141804185.49862,-141804185.49862,71093.4,cross,5.0,122444.7789594743,77366.5,58.26588893057627,-11497006.487898,87382004.986019,ACTIVE
2026-09-02T08:00:00Z,0x5b5d51203a0f9079f8aeb098a6523a13f298c060,,ETH,SHORT,148676383.048453,-148676383.048453,2155.53,cross,5.0,3747.1046763272,2416.65,55.05367663199885,-16059594.739466,87382004.986019,ACTIVE
2026-09-02T08:00:00Z,0x7fdafde5cfb5465924316eced2d3715494c517d1,BobbyBigSize,BTC,SHORT,40801264.05948,-40801264.05948,78041.2,cross,20.0,154428.9014282405,77366.5,99.60693766454537,356130.511009,46022711.455746,ACTIVE
2026-09-02T08:00:00Z,0x7fdafde5cfb5465924316eced2d3715494c517d1,BobbyBigSize,ETH,SHORT,68967469.457536,-68967469.457536,2130.55,cross,15.0,3825.935494658,2416.65,58.31566402491052,-8162715.535164,46022711.455746,ACTIVE
2026-09-02T08:00:00Z,0x8ea85cbd59affca28162fc286d5c093dd0f8edbc,,BTC,LONG,77342000.0,77342000.0,72771.2,cross,4.0,48901.6246057398,77366.5,36.792249092643715,4570721.68354,19083061.438751,ACTIVE
2026-09-02T08:00:00Z,0x92ea19eceb7a8de0f50978a1583a5d8b018050e9,,BTC,LONG,144498887.18067,144498887.18067,77089.9,cross,3.0,45622.4448477241,77366.5,41.03074993992994,468973.98454,56147183.468227,ACTIVE
2026-09-02T08:00:00Z,0x9321d8117e73b0c79035f0e87debcfd8dbb1d75a,,BTC,SHORT,7734200.0,-7734200.0,78198.8,cross,40.0,143341.0106980938,77366.5,85.27529447253501,85684.82555,7623396.078726,ACTIVE
2026-09-02T08:00:00Z,0x936cf4fb95c30ce83f658b5bbb247e4bb381bb0f,,BTC,SHORT,8403616.28788,-8403616.28788,78324.4,cross,20.0,208795.1514523146,77366.5,169.877985242081,106855.795087,15171224.440029,ACTIVE
2026-09-02T08:00:00Z,0x936cf4fb95c30ce83f658b5bbb247e4bb381bb0f,,ETH,SHORT,9153672.62411,-9153672.62411,2397.6,cross,20.0,6157.4366731449,2416.65,154.79224021454905,-68568.920599,15171224.440029,ACTIVE
2026-09-02T08:00:00Z,0xb83de012dba672c76a7dbbbf3e459cb59d7d6e36,,BTC,SHORT,95741825.3246,-95741825.3246,65777.5,cross,5.0,127361.5272726163,77366.5,64.62102754114028,-14340903.120472,64799593.806901,ACTIVE
2026-09-02T08:00:00Z,0xb83de012dba672c76a7dbbbf3e459cb59d7d6e36,,ETH,SHORT,107108214.066724,-107108214.066724,2138.37,cross,5.0,3786.420196595,2416.65,56.680536966254934,-12330123.876634,64799593.806901,ACTIVE
2026-09-02T08:00:00Z,0xc179e03922afe8fa9533d3f896338b9fb87ce0c8,,ETH,LONG,7155674.97296,7155674.97296,1899.3,cross,4.0,,2416.65,,1529885.262459,18613191.774179,ACTIVE
2026-09-02T08:00:00Z,0xccf3fff396a14d55d93366f870c007425e9f2a75,,ETH,LONG,11373766.12947,11373766.12947,2398.97,cross,20.0,2053.4666771879,2416.65,15.028379070701176,77569.72028,1587755.158429,ACTIVE
2026-09-02T08:00:00Z,0xd4c1f7e8d876c4749228d515473d36f919583d1d,,BTC,SHORT,15846979.80896,-15846979.80896,76502.4,cross,12.0,94311.4938294598,77366.5,21.90223653578719,-172010.324594,4262492.958387,ACTIVE
2026-09-02T08:00:00Z,0xd4c1f7e8d876c4749228d515473d36f919583d1d,,ETH,SHORT,20864139.56194,-20864139.56194,2492.52,cross,12.0,2815.427487363,2416.65,16.501251209856623,662629.473076,4262492.958387,ACTIVE
2026-09-02T08:00:00Z,0xdd53c5297309130ab5fe5623dc905752e3342b13,,BTC,SHORT,14677400.7232,-14677400.7232,77270.8,cross,3.0,254312.5534124999,77366.5,228.71146221232692,-13874.000127,39313624.997046,ACTIVE
2026-09-02T08:00:00Z,0xdd9f274410c8c704bdbb599dce6c4fb34be4f50a,,BTC,SHORT,39521787.52286,-39521787.52286,71157.6,cross,40.0,98382.0113146326,77366.5,27.16358025066741,-3160199.12408,4507111.239209,ACTIVE
2026-09-02T08:00:00Z,0xdf954bbe619273a56e0cfa90dad8382195dc7d72,,ETH,SHORT,23796557.42562,-23796557.42562,2251.06,cross,25.0,4427.479425623,2416.65,83.20730869687375,-1622702.871913,4765097.995353,ACTIVE
2026-09-02T08:00:00Z,0xe2ad376800c2da03d611700ffc1d013090733c8c,,BTC,LONG,9399745.27502,9399745.27502,76499.5,cross,20.0,28970.1198451724,77366.5,62.554697646691515,102385.73437,6169798.731489,ACTIVE
2026-09-02T08:00:00Z,0xecb63caa47c7c4e77f60f1ce858cf28dc2b82b00,,BTC,SHORT,11284533.58328,-11284533.58328,77515.7,cross,20.0,313917.4640862508,77366.5,305.75373590152174,21837.853511,40504387.043382,ACTIVE
2026-09-02T08:00:00Z,0xecb63caa47c7c4e77f60f1ce858cf28dc2b82b00,,ETH,SHORT,53670108.918101,-53670108.918101,2439.38,cross,15.0,3958.6996011309,2416.65,63.80938907706536,506601.160359,40504387.043382,ACTIVE
2026-09-02T08:00:00Z,0xedcdcaa1f18350c50c10bef860e64daa9785d05a,,ETH,LONG,48316000.0,48316000.0,1936.0,cross,4.0,1016.6404156681,2416.65,57.931830605669,9596000.0,11007678.655,ACTIVE
2026-09-02T08:00:00Z,0xfc27136e42af1732ddc9ce2605ea9bff1b959d9d,Bronny James,BTC,SHORT,64375217.55324,-64375217.55324,78169.9,cross,10.0,98435.2295439744,77366.5,27.23236742514448,689986.808355,19507677.980165,ACTIVE
2026-09-02T08:00:00Z,0xfc27136e42af1732ddc9ce2605ea9bff1b959d9d,Bronny James,ETH,SHORT,28998367.8512,-28998367.8512,2452.3,cross,20.0,3868.0809558224,2416.65,60.05962616938323,435798.077698,19507677.980165,ACTIVE
2026-09-02T08:00:00Z,0xfc667adba8d4837586078f4fdcdc29804337ca06,,BTC,SHORT,10907262.15258,-10907262.15258,78534.8,cross,20.0,262278.930448827,77366.5,239.00839568653998,164794.504644,27308741.63241,ACTIVE
2026-09-02T08:00:00Z,0xfc667adba8d4837586078f4fdcdc29804337ca06,,ETH,SHORT,15733156.556897,-15733156.556897,2460.26,cross,20.0,6391.3332413823,2416.65,164.47078564882378,284451.073968,27308741.63241,ACTIVE
