split,version,n,expectancy_R,PF,maxDD_R,win_rate,sl_rate,false_start_rate,avg_MFE_R,avg_MAE_R,tp1_rate,tp2_rate,tp3_rate,avg_coverage
TRAIN,BASELINE,0,,,,,,,,,,,,
TRAIN,V3_NOFIB,6,0.719193160368418,2.0787897405526268,-4.0,0.3333333333333333,0.6666666666666666,0.0,5.437510677073717,5.073274395661511,0.16666666666666666,0.16666666666666666,0.16666666666666666,0.77
TRAIN,V3_FIB,10,1.0813976245398629,3.703494061349657,-2.0,0.6,0.4,0.0,4.295593997536544,2.076673939558374,0.4,0.4,0.3,0.772
VALIDATION,BASELINE,1,-1.0,0.0,0.0,0.0,1.0,1.0,0.02945621287897345,2.223540059467526,0.0,0.0,0.0,1.0
VALIDATION,V3_NOFIB,2,1.203416614143093,3.406833228286186,-1.0,0.5,0.5,0.0,3.9141537210149977,2.7021777629648356,0.5,0.5,0.5,0.77
VALIDATION,V3_FIB,9,0.10540391477348798,1.1581058721602322,-2.9988063960092166,0.3333333333333333,0.6666666666666666,0.1111111111111111,3.1203417371222497,2.3587193179059613,0.4444444444444444,0.2222222222222222,0.1111111111111111,0.7688888888888888
OOS,BASELINE,0,,,,,,,,,,,,
OOS,V3_NOFIB,1,-1.0,0.0,0.0,0.0,1.0,0.0,2.4223939673487798,8.50843340144458,0.0,0.0,0.0,0.7799999999999999
OOS,V3_FIB,8,0.3182939221147021,1.8487837923058723,-2.0,0.625,0.375,0.125,1.6249160057545051,2.3725357425387505,0.125,0.125,0.0,0.7749999999999999
