asset,version,direction,regime,setup_time,entry_time,exit_time,entry,stop,tp1,tp2,tp3,R,outcome,MFE,MAE,tp1_hit,tp2_hit,tp3_hit,false_start,pre_score,reaction_score,final_score,coverage,delay_bars,rr2,fib_used,atr_buffer,sources,split
BTCUSDT,V3_NOFIB,SHORT,BEAR_TREND,2024-01-18 00:00:00+00:00,2024-01-18 07:45:00+00:00,2024-01-18 16:30:00+00:00,42868.4,42961.64179666974,42200.0,42200.0,42050.0,7.168459037393508,TP2_CORE,23.53879996300308,0.6853149797867364,True,True,True,False,75.30864197530865,81.81818181818181,77.2615039281706,0.76,6,7.168459037393508,False,0.1,1H_MA50+4H_EMA20+HI12,TRAIN
BTCUSDT,V3_NOFIB,SHORT,BEAR_TREND,2024-06-30 00:00:00+00:00,2024-06-30 01:45:00+00:00,2024-06-30 07:00:00+00:00,60963.4,61250.3480500929,60454.3,60038.0,58218.0,-1.0,SL,0.900511433746789,9.641466457445244,False,False,False,False,76.54320987654322,68.18181818181819,74.03479236812571,0.76,5,3.22497399686252,False,0.1,1H_EMA20+SESSION_VWAP,TRAIN
BTCUSDT,V3_NOFIB,LONG,BULL_TREND,2024-12-07 20:00:00+00:00,2024-12-08 09:15:00+00:00,2024-12-08 09:45:00+00:00,99239.6,98818.34437232446,101988.8,101988.8,104630.4,-1.0,SL,5.265923715346825,2.054097187436166,False,False,False,False,75.92592592592592,86.36363636363636,79.05723905723906,0.76,2,6.526203614583939,False,0.1,1H_MA50+4H_EMA20+LO12,TRAIN
BTCUSDT,V3_NOFIB,LONG,BULL_TREND,2025-09-09 04:00:00+00:00,2025-09-09 17:45:00+00:00,2025-09-10 12:30:00+00:00,111057.7,110526.44417421645,111559.5,112867.6,113344.3,3.406833228286186,TP2_CORE,6.080309792811744,0.38004289120446316,True,True,True,False,80.86419753086419,68.18181818181819,77.05948372615039,0.76,8,3.406833228286186,False,0.1,LO12+PDC+VPOC_7D,VALIDATION
BTCUSDT,V3_FIB,SHORT,BEAR_TREND,2024-06-22 16:00:00+00:00,2024-06-22 17:15:00+00:00,2024-06-23 17:15:00+00:00,64269.8,64540.536641379,63361.2,63361.2,63046.0064,0.8451017152115325,TIME,1.410226550995461,0.8502727921402529,False,False,False,False,67.28395061728395,86.36363636363636,73.00785634118967,0.76,3,3.356028926753469,True,0.1,1H_EMA20+ANCHORED_VWAP+FIB_786+SESSION_VWAP,TRAIN
BTCUSDT,V3_FIB,SHORT,BEAR_TREND,2024-06-30 00:00:00+00:00,2024-06-30 01:45:00+00:00,2024-06-30 07:00:00+00:00,60963.4,61250.3480500929,60454.3,60038.0,59713.232,-1.0,SL,0.900511433746789,9.641466457445244,False,False,False,False,80.24691358024693,68.18181818181819,76.6273849607183,0.76,5,3.22497399686252,True,0.1,1H_EMA20+FIB_786+SESSION_VWAP,TRAIN
BTCUSDT,V3_FIB,LONG,BULL_TREND,2024-09-24 18:00:00+00:00,2024-09-25 18:00:00+00:00,2024-09-26 01:30:00+00:00,63142.5,62649.07925192532,64000.0,64724.8,65278.75520000001,-1.0,SL,5.385869991015858,1.0297499689313827,False,False,False,False,90.74074074074075,90.9090909090909,90.79124579124579,0.76,2,3.206796646014829,True,0.1,4H_EMA20+FIB_786+PDC+VPOC_7D,TRAIN
BTCUSDT,V3_FIB,LONG,BULL_TREND,2024-11-09 12:00:00+00:00,2024-11-09 17:30:00+00:00,2024-11-10 02:15:00+00:00,75959.0,75586.81972113292,76900.0,77182.9,77607.98159999998,3.288460107896019,TP2_CORE,12.453373440711914,0.08947276868449018,True,True,True,False,69.13580246913581,90.9090909090909,75.66778900112233,0.76,1,3.288460107896019,True,0.1,FIB_786+PDC+VPOC_7D,TRAIN
BTCUSDT,V3_FIB,LONG,BULL_TREND,2025-03-06 13:00:00+00:00,2025-03-06 18:00:00+00:00,2025-03-07 00:15:00+00:00,88584.9,87465.37394694253,89779.514,92780.3,94971.0,-1.0,SL,2.3874388565594384,3.5594526711701895,True,False,False,False,71.60493827160494,81.81818181818181,74.668911335578,0.76,3,3.747478666121475,True,0.1,1H_MA50+4H_EMA20+FIB_382,VALIDATION
BTCUSDT,V3_FIB,LONG,BULL_TREND,2025-04-27 00:00:00+00:00,2025-04-27 02:15:00+00:00,2025-04-27 05:15:00+00:00,94346.4,93797.34618166265,95157.1,96296.3552,96966.41880000001,-1.0,SL,0.3123555365106834,2.9986131505025497,False,False,False,True,85.18518518518519,77.27272727272727,82.8114478114478,0.76,2,3.551482814389507,True,0.1,1H_EMA20+1H_MA50+ANCHORED_VWAP+FIB_786,VALIDATION
BTCUSDT,V3_FIB,SHORT,BEAR_TREND,2025-06-14 12:00:00+00:00,2025-06-14 23:15:00+00:00,2025-06-15 23:15:00+00:00,105380.6,106218.39880741139,103938.7,102614.0,101645.7888,0.0011936039907836404,TIME,1.1705674337615302,0.8579625485752669,False,False,False,False,75.92592592592592,63.63636363636363,72.23905723905723,0.76,5,3.3022248009020267,True,0.1,1H_MA50+FIB_786+SESSION_VWAP,VALIDATION
BTCUSDT,V3_FIB,SHORT,BEAR_TREND,2025-10-19 01:00:00+00:00,2025-10-19 02:30:00+00:00,2025-10-19 09:45:00+00:00,106832.4,107500.22288332481,103470.0,103470.0,102386.7328,-1.0,SL,1.1628831826391168,3.8445822449471616,False,False,False,False,82.71604938271604,68.18181818181819,78.35578002244668,0.76,4,5.034867902788827,False,0.1,1H_EMA20+1H_MA50+ANCHORED_VWAP+SESSION_VWAP,VALIDATION
BTCUSDT,V3_FIB,SHORT,BEAR_TREND,2025-12-17 00:00:00+00:00,2025-12-17 01:45:00+00:00,2025-12-17 14:45:00+00:00,87535.4,88206.31467179903,85226.0,85226.0,84432.3312,-1.0,SL,3.389551750153357,4.2148429880320615,False,False,False,False,79.01234567901234,68.18181818181819,75.7631874298541,0.76,5,3.442166488634701,True,0.1,1H_MA50+ANCHORED_VWAP+FIB_786+SESSION_VWAP,VALIDATION
BTCUSDT,V3_FIB,SHORT,BEAR_TREND,2026-04-03 07:00:00+00:00,2026-04-03 08:30:00+00:00,2026-04-04 08:30:00+00:00,67023.0,67440.72666744271,65676.1,65676.1,65207.19920000001,0.19151279110274208,TIME,1.3034839344430382,0.7828085336324583,False,False,False,False,70.98765432098766,77.27272727272727,72.87317620650954,0.76,3,3.224357229203527,True,0.1,FIB_786+HI12,OOS
BTCUSDT,V3_FIB,SHORT,BEAR_TREND,2026-06-28 07:00:00+00:00,2026-06-28 08:15:00+00:00,2026-06-29 08:15:00+00:00,60159.5,60956.04555605715,58388.0,57698.0176,56820.3194,0.44755757820638964,TIME,1.6439737690358127,0.4818305708712865,False,False,False,False,83.33333333333333,63.63636363636363,77.42424242424242,0.76,3,3.090196638826513,False,0.1,1H_EMA20+1H_MA50+ANCHORED_VWAP,OOS
ETHUSDT,BASELINE,LONG,TRANSITION,2025-03-02 20:00:00+00:00,2025-03-03 15:30:00+00:00,2025-03-03 19:15:00+00:00,2303.79,2167.655731264366,2439.9336522118997,2712.2115731594336,2848.3505336332005,-1.0,SL,0.02945621287897345,2.223540059467526,False,False,False,True,,72.72727272727273,,1.0,3,3.0001378561967207,False,0.0,1H_EMA20+STRUCTURAL_SL,VALIDATION
ETHUSDT,V3_NOFIB,SHORT,BEAR_TREND,2024-04-27 08:00:00+00:00,2024-04-27 14:45:00+00:00,2024-04-27 17:15:00+00:00,3147.44,3169.6003560757636,3100.38,3070.16,3027.88,-1.0,SL,0.5261648305711227,8.728199101978378,False,False,False,False,84.52380952380953,86.36363636363636,85.07575757575758,0.7799999999999999,5,3.4873085854662933,False,0.1,4H_EMA20+4H_MA50+HI12+PDC+VPOC_7D,TRAIN
ETHUSDT,V3_NOFIB,SHORT,BEAR_TREND,2024-06-30 08:00:00+00:00,2024-06-30 09:45:00+00:00,2024-06-30 17:15:00+00:00,3394.39,3408.450580825998,3369.07,3348.5,3213.0,-1.0,SL,1.1727822772093361,9.229348460488632,False,False,False,False,79.76190476190474,68.18181818181819,76.28787878787878,0.7799999999999999,5,3.2637343057087325,False,0.1,1H_MA50+4H_EMA20+VPOC_7D,TRAIN
ETHUSDT,V3_NOFIB,SHORT,BEAR_TREND,2024-08-31 01:00:00+00:00,2024-08-31 01:45:00+00:00,2024-09-01 01:45:00+00:00,2525.84,2554.6880004961013,2431.0,2431.0,2388.0,1.1466999248169998,TIME,1.2208818425651484,0.10122018683390961,False,False,False,False,67.26190476190476,81.81818181818181,71.62878787878788,0.7799999999999999,1,3.287576205249234,False,0.1,1H_MA50+SESSION_VWAP,TRAIN
ETHUSDT,V3_NOFIB,SHORT,BEAR_TREND,2025-01-29 21:00:00+00:00,2025-01-29 22:00:00+00:00,2025-01-30 03:00:00+00:00,3138.97,3167.5569949666965,3038.0,3038.0,3020.17,-1.0,SL,1.7479976492182512,5.024312634725208,False,False,False,False,79.16666666666667,72.72727272727273,77.23484848484848,0.7799999999999999,2,3.5320256682322833,False,0.1,1H_MA50+HI12,VALIDATION
ETHUSDT,V3_NOFIB,LONG,BULL_TREND,2026-07-23 00:00:00+00:00,2026-07-23 08:00:00+00:00,2026-07-23 12:30:00+00:00,1914.62,1907.9654259640338,1953.64,1953.64,1958.75,-1.0,SL,2.4223939673487798,8.50843340144458,False,False,False,False,76.19047619047618,77.27272727272727,76.5151515151515,0.7799999999999999,3,5.863636017738784,False,0.1,4H_EMA20+LO12,OOS
ETHUSDT,V3_FIB,SHORT,BEAR_TREND,2024-01-05 11:00:00+00:00,2024-01-05 13:30:00+00:00,2024-01-06 13:30:00+00:00,2246.07,2297.656093945143,2067.16,2067.16,2005.0379199999998,0.1562436576138339,TIME,0.7767597221571206,0.6220668700779052,False,False,False,False,89.8809523809524,72.72727272727273,84.7348484848485,0.7799999999999999,8,3.4681827275051194,True,0.1,1H_MA50+ANCHORED_VWAP+FIB_786+SESSION_VWAP,TRAIN
ETHUSDT,V3_FIB,SHORT,BEAR_TREND,2024-04-18 01:00:00+00:00,2024-04-18 14:45:00+00:00,2024-04-19 02:15:00+00:00,3075.01,3127.4800525679348,2976.43,2912.45,2855.14776,3.0981482206355544,TP2_CORE,4.064223105625802,1.0198198282862165,True,True,False,False,86.9047619047619,81.81818181818181,85.37878787878786,0.7799999999999999,2,3.0981482206355544,True,0.1,4H_EMA20+FIB_786+PDC,TRAIN
ETHUSDT,V3_FIB,SHORT,BEAR_TREND,2024-06-14 02:00:00+00:00,2024-06-14 06:00:00+00:00,2024-06-14 16:00:00+00:00,3521.74,3543.6065563530406,3462.09,3426.01,3394.8143200000004,4.377918427319594,TP2_CORE,7.348665121550058,1.5210442587762596,True,True,True,False,74.4047619047619,90.9090909090909,79.3560606060606,0.7799999999999999,1,4.377918427319594,True,0.1,1H_MA50+FIB_786+HI12,TRAIN
ETHUSDT,V3_FIB,SHORT,BEAR_TREND,2024-09-01 08:00:00+00:00,2024-09-01 20:45:00+00:00,2024-09-01 22:15:00+00:00,2504.83,2529.0516135580683,2431.0,2431.0,2404.752,3.048104116722094,TP2_CORE,4.442313462810475,2.463089416275767,True,True,True,False,80.35714285714286,68.18181818181819,76.70454545454545,0.7799999999999999,6,3.048104116722094,True,0.1,1H_MA50+FIB_786,TRAIN
ETHUSDT,V3_FIB,SHORT,BEAR_TREND,2024-10-24 23:00:00+00:00,2024-10-25 00:15:00+00:00,2024-10-25 14:30:00+00:00,2533.15,2563.8006573588073,2443.01,2410.6909600000004,2369.5792400000005,-1.0,SL,4.976075984751265,1.0697976104117088,False,False,False,False,70.83333333333333,68.18181818181819,70.03787878787878,0.7799999999999999,3,3.9953152901894393,True,0.1,1H_EMA20+ANCHORED_VWAP+FIB_786+SESSION_VWAP,TRAIN
ETHUSDT,V3_FIB,LONG,BULL_TREND,2024-12-07 16:00:00+00:00,2024-12-07 18:00:00+00:00,2024-12-08 05:45:00+00:00,3995.06,3966.986366219432,4092.83,4092.83,4126.2397599999995,-1.0,SL,1.1979211620007042,2.4599594245545138,False,False,False,False,75.5952380952381,63.63636363636363,72.00757575757576,0.7799999999999999,6,3.482627178376701,True,0.1,1H_EMA20+ANCHORED_VWAP+FIB_786+SESSION_VWAP,TRAIN
ETHUSDT,V3_FIB,SHORT,BEAR_TREND,2025-01-09 12:00:00+00:00,2025-01-09 16:15:00+00:00,2025-01-09 20:00:00+00:00,3317.94,3359.4546973947054,3206.54,3165.92768,3114.26642,3.6616506813172047,TP2_CORE,3.900787194962272,0.04962098074362149,True,True,False,False,79.16666666666667,77.27272727272727,78.59848484848484,0.7799999999999999,1,3.6616506813172047,True,0.1,1H_EMA20+FIB_786+SESSION_VWAP,VALIDATION
ETHUSDT,V3_FIB,SHORT,BEAR_TREND,2025-03-31 08:00:00+00:00,2025-03-31 13:15:00+00:00,2025-03-31 15:00:00+00:00,1824.79,1850.087880657149,1796.13,1743.72512,1715.33928,-1.0,SL,1.2724386060736377,2.633817468862581,True,False,False,False,77.97619047619047,81.81818181818181,79.12878787878786,0.7799999999999999,1,3.204413883464629,True,0.1,1H_MA50+FIB_786+HI12+PDC,VALIDATION
ETHUSDT,V3_FIB,LONG,BULL_TREND,2025-07-14 16:00:00+00:00,2025-07-15 03:30:00+00:00,2025-07-15 13:00:00+00:00,2948.43,2926.7944178425987,2979.0,3019.52,3043.86944,3.285790947653404,TP2_CORE,9.494082410430234,0.7030085850866267,True,True,True,False,67.26190476190476,86.36363636363636,72.99242424242424,0.7799999999999999,1,3.285790947653404,True,0.1,FIB_786+PDC+VPOC_7D,VALIDATION
ETHUSDT,V3_FIB,SHORT,BEAR_TREND,2025-12-17 00:00:00+00:00,2025-12-17 02:00:00+00:00,2025-12-17 14:45:00+00:00,2952.67,2985.345938035984,2890.51,2839.5088,2800.7222,-1.0,SL,4.992970663009978,2.366573223233595,False,False,False,False,69.04761904761905,72.72727272727273,70.15151515151516,0.7799999999999999,6,3.4631354691449863,True,0.1,FIB_786+SESSION_VWAP,VALIDATION
ETHUSDT,V3_FIB,LONG,BULL_TREND,2026-01-07 04:00:00+00:00,2026-01-07 11:00:00+00:00,2026-01-07 14:30:00+00:00,3216.53,3177.822718939484,3266.0,3342.62288,3386.66522,-1.0,SL,0.29632667771386945,3.365516678795679,False,False,False,True,68.45238095238095,77.27272727272727,71.09848484848484,0.7799999999999999,6,3.2576010648451765,True,0.1,1H_MA50+FIB_786+PDC,OOS
ETHUSDT,V3_FIB,SHORT,BEAR_TREND,2026-01-23 16:00:00+00:00,2026-01-23 17:00:00+00:00,2026-01-23 17:15:00+00:00,2966.35,2986.329912964342,2904.11,2904.11,2882.4832800000004,-1.0,SL,1.8693775126377243,2.707719502910334,False,False,False,False,72.02380952380953,86.36363636363636,76.32575757575758,0.7799999999999999,1,3.1151286850487776,True,0.1,1H_MA50+FIB_786,OOS
ETHUSDT,V3_FIB,LONG,BULL_TREND,2026-04-09 16:00:00+00:00,2026-04-10 00:30:00+00:00,2026-04-11 00:30:00+00:00,2188.66,2153.99371550507,2269.65,2299.4748,2337.4137,1.3756882427643864,TIME,1.987233446090143,0.4283701070465714,False,False,False,False,91.07142857142857,63.63636363636363,82.84090909090908,0.7799999999999999,5,3.196616009316144,True,0.1,1H_EMA20+ANCHORED_VWAP+FIB_786+SESSION_VWAP,OOS
ETHUSDT,V3_FIB,SHORT,BEAR_TREND,2026-04-25 22:00:00+00:00,2026-04-26 00:15:00+00:00,2026-04-26 05:00:00+00:00,2315.47,2323.0168121680476,2298.44,2291.97184,2283.7439600000002,-1.0,SL,1.3780653033915173,8.549305132194595,False,False,False,False,65.47619047619047,86.36363636363636,71.74242424242422,0.7799999999999999,7,3.113653748994525,True,0.1,1H_MA50+FIB_786,OOS
ETHUSDT,V3_FIB,LONG,BULL_TREND,2026-07-22 12:00:00+00:00,2026-07-22 13:15:00+00:00,2026-07-22 14:00:00+00:00,1919.28,1908.249472284942,1943.98,1952.55888,1963.47172,3.016979863490145,TP2_CORE,3.5782512876622,2.367067167997457,True,True,False,False,84.52380952380953,86.36363636363636,85.07575757575758,0.7799999999999999,2,3.016979863490145,True,0.1,1H_MA50+FIB_786+VPOC_7D,OOS
ETHUSDT,V3_FIB,LONG,BULL_TREND,2026-08-08 06:00:00+00:00,2026-08-08 08:15:00+00:00,2026-08-09 08:15:00+00:00,1914.64,1902.7475659317945,1943.0,1953.744,1967.411,0.5146129013539539,TIME,0.9426161150617366,0.2976682468616222,False,False,False,False,77.3809523809524,68.18181818181819,74.62121212121212,0.7799999999999999,7,3.2881409958407315,False,0.1,1H_EMA20+ANCHORED_VWAP+SESSION_VWAP,OOS
