window_end_utc,window_start_utc,chain,token,mode,status,issuer_transfer_count,issuer_transfer_amount,verified_exchange_match_count,verified_exchange_amount,exchange_coverage,errors
2026-09-05T16:26:15.175200Z,2026-09-05T15:26:15.175200Z,ethereum,USDC,mint_destination_proxy,OK,132,6404363.664736,0,0,PARTIAL_LABEL_SET,
2026-09-05T16:26:15.175200Z,2026-09-05T15:26:15.175200Z,ethereum,USDT,treasury_outflow,OK,0,0,0,0,PARTIAL_LABEL_SET,
2026-09-06T02:26:49.049033Z,2026-09-06T01:26:49.049033Z,ethereum,USDC,mint_destination_proxy,OK,83,1979842.464542,0,0,PARTIAL_LABEL_SET,
2026-09-06T02:26:49.049033Z,2026-09-06T01:26:49.049033Z,ethereum,USDT,treasury_outflow,OK,0,0,0,0,PARTIAL_LABEL_SET,
2026-09-06T04:27:13.994148Z,2026-09-06T03:27:13.994148Z,ethereum,USDC,mint_destination_proxy,OK,104,1722756.365665,0,0,PARTIAL_LABEL_SET,
2026-09-06T04:27:13.994148Z,2026-09-06T03:27:13.994148Z,ethereum,USDT,treasury_outflow,OK,0,0,0,0,PARTIAL_LABEL_SET,
2026-09-07T19:26:14.472254Z,2026-09-07T18:26:14.472254Z,ethereum,USDC,mint_destination_proxy,OK,170,9362484.929492999,0,0,PARTIAL_LABEL_SET,
2026-09-07T19:26:14.472254Z,2026-09-07T18:26:14.472254Z,ethereum,USDT,treasury_outflow,OK,0,0,0,0,PARTIAL_LABEL_SET,
2026-09-08T10:29:18.084537Z,2026-09-08T09:29:18.084537Z,ethereum,USDC,mint_destination_proxy,OK,172,18830276.596081,0,0,PARTIAL_LABEL_SET,
2026-09-08T10:29:18.084537Z,2026-09-08T09:29:18.084537Z,ethereum,USDT,treasury_outflow,OK,0,0,0,0,PARTIAL_LABEL_SET,
2026-09-09T20:28:25.235222Z,2026-09-09T19:28:25.235222Z,ethereum,USDC,mint_destination_proxy,OK,171,11743573.172889,0,0,PARTIAL_LABEL_SET,
2026-09-09T20:28:25.235222Z,2026-09-09T19:28:25.235222Z,ethereum,USDT,treasury_outflow,OK,0,0,0,0,PARTIAL_LABEL_SET,
2026-09-09T21:26:32.637606Z,2026-09-09T20:26:32.637606Z,ethereum,USDC,mint_destination_proxy,OK,169,9260987.980574,0,0,PARTIAL_LABEL_SET,
2026-09-09T21:26:32.637606Z,2026-09-09T20:26:32.637606Z,ethereum,USDT,treasury_outflow,OK,0,0,0,0,PARTIAL_LABEL_SET,
2026-09-09T23:25:52.842028Z,2026-09-09T22:25:52.842028Z,ethereum,USDC,mint_destination_proxy,OK,175,7609774.604824,0,0,PARTIAL_LABEL_SET,
2026-09-09T23:25:52.842028Z,2026-09-09T22:25:52.842028Z,ethereum,USDT,treasury_outflow,OK,0,0,0,0,PARTIAL_LABEL_SET,
2026-09-10T00:34:22.850845Z,2026-09-09T23:34:22.850845Z,ethereum,USDC,mint_destination_proxy,OK,135,7123232.5388090005,0,0,PARTIAL_LABEL_SET,
2026-09-10T00:34:22.850845Z,2026-09-09T23:34:22.850845Z,ethereum,USDT,treasury_outflow,OK,0,0,0,0,PARTIAL_LABEL_SET,
2026-09-10T02:28:46.237903Z,2026-09-10T01:28:46.237903Z,ethereum,USDC,mint_destination_proxy,OK,80,3297868.198903,0,0,PARTIAL_LABEL_SET,
2026-09-10T02:28:46.237903Z,2026-09-10T01:28:46.237903Z,ethereum,USDT,treasury_outflow,OK,0,0,0,0,PARTIAL_LABEL_SET,
2026-09-10T03:29:05.305545Z,2026-09-10T02:29:05.305545Z,ethereum,USDC,mint_destination_proxy,OK,96,6099318.08161,0,0,PARTIAL_LABEL_SET,
2026-09-10T03:29:05.305545Z,2026-09-10T02:29:05.305545Z,ethereum,USDT,treasury_outflow,OK,0,0,0,0,PARTIAL_LABEL_SET,
2026-09-10T04:28:47.266737Z,2026-09-10T03:28:47.266737Z,ethereum,USDC,mint_destination_proxy,OK,87,14427506.406715,0,0,PARTIAL_LABEL_SET,
2026-09-10T04:28:47.266737Z,2026-09-10T03:28:47.266737Z,ethereum,USDT,treasury_outflow,OK,0,0,0,0,PARTIAL_LABEL_SET,
2026-09-10T05:27:03.994019Z,2026-09-10T04:27:03.994019Z,ethereum,USDC,mint_destination_proxy,OK,70,3283378.23276,0,0,PARTIAL_LABEL_SET,
2026-09-10T05:27:03.994019Z,2026-09-10T04:27:03.994019Z,ethereum,USDT,treasury_outflow,OK,0,0,0,0,PARTIAL_LABEL_SET,
2026-09-10T09:29:06.542709Z,2026-09-10T08:29:06.542709Z,ethereum,USDC,mint_destination_proxy,OK,147,10777862.440903,0,0,PARTIAL_LABEL_SET,
2026-09-10T09:29:06.542709Z,2026-09-10T08:29:06.542709Z,ethereum,USDT,treasury_outflow,OK,0,0,0,0,PARTIAL_LABEL_SET,
2026-09-10T10:29:06.990151Z,2026-09-10T09:29:06.990151Z,ethereum,USDC,mint_destination_proxy,OK,128,5306282.816949,0,0,PARTIAL_LABEL_SET,
2026-09-10T10:29:06.990151Z,2026-09-10T09:29:06.990151Z,ethereum,USDT,treasury_outflow,OK,0,0,0,0,PARTIAL_LABEL_SET,
2026-09-10T11:27:32.860857Z,2026-09-10T10:27:32.860857Z,ethereum,USDC,mint_destination_proxy,OK,106,4520896.770463,0,0,PARTIAL_LABEL_SET,
2026-09-10T11:27:32.860857Z,2026-09-10T10:27:32.860857Z,ethereum,USDT,treasury_outflow,OK,0,0,0,0,PARTIAL_LABEL_SET,
2026-09-10T13:27:37.428784Z,2026-09-10T12:27:37.428784Z,ethereum,USDC,mint_destination_proxy,OK,292,33279624.500285998,0,0,PARTIAL_LABEL_SET,
2026-09-10T13:27:37.428784Z,2026-09-10T12:27:37.428784Z,ethereum,USDT,treasury_outflow,OK,0,0,0,0,PARTIAL_LABEL_SET,
2026-09-10T17:26:25.863946Z,2026-09-10T16:26:25.863946Z,ethereum,USDC,mint_destination_proxy,OK,200,286229565.21905,0,0,PARTIAL_LABEL_SET,
2026-09-10T17:26:25.863946Z,2026-09-10T16:26:25.863946Z,ethereum,USDT,treasury_outflow,OK,0,0,0,0,PARTIAL_LABEL_SET,
2026-09-10T18:29:57.573318Z,2026-09-10T17:29:57.573318Z,ethereum,USDC,mint_destination_proxy,OK,204,111895909.913254,0,0,PARTIAL_LABEL_SET,
2026-09-10T18:29:57.573318Z,2026-09-10T17:29:57.573318Z,ethereum,USDT,treasury_outflow,OK,1,60000000.0,0,0,PARTIAL_LABEL_SET,
2026-09-10T19:24:26.052280Z,2026-09-10T18:24:26.052280Z,ethereum,USDC,mint_destination_proxy,OK,179,12423282.525402,0,0,PARTIAL_LABEL_SET,
2026-09-10T19:24:26.052280Z,2026-09-10T18:24:26.052280Z,ethereum,USDT,treasury_outflow,OK,0,0,0,0,PARTIAL_LABEL_SET,
2026-09-10T20:26:33.357145Z,2026-09-10T19:26:33.357145Z,ethereum,USDC,mint_destination_proxy,OK,157,18148023.594242,0,0,PARTIAL_LABEL_SET,
2026-09-10T20:26:33.357145Z,2026-09-10T19:26:33.357145Z,ethereum,USDT,treasury_outflow,OK,0,0,0,0,PARTIAL_LABEL_SET,
2026-09-10T22:25:26.472956Z,2026-09-10T21:25:26.472956Z,ethereum,USDC,mint_destination_proxy,OK,103,6859898.894416,0,0,PARTIAL_LABEL_SET,
2026-09-10T22:25:26.472956Z,2026-09-10T21:25:26.472956Z,ethereum,USDT,treasury_outflow,OK,0,0,0,0,PARTIAL_LABEL_SET,
2026-09-10T23:24:55.130052Z,2026-09-10T22:24:55.130052Z,ethereum,USDC,mint_destination_proxy,OK,128,10384436.283802,0,0,PARTIAL_LABEL_SET,
2026-09-10T23:24:55.130052Z,2026-09-10T22:24:55.130052Z,ethereum,USDT,treasury_outflow,OK,0,0,0,0,PARTIAL_LABEL_SET,
2026-09-11T01:26:54.980275Z,2026-09-11T00:26:54.980275Z,ethereum,USDC,mint_destination_proxy,OK,90,7202820.3628320005,0,0,PARTIAL_LABEL_SET,
2026-09-11T01:26:54.980275Z,2026-09-11T00:26:54.980275Z,ethereum,USDT,treasury_outflow,OK,0,0,0,0,PARTIAL_LABEL_SET,
2026-09-11T02:28:24.214089Z,2026-09-11T01:28:24.214089Z,ethereum,USDC,mint_destination_proxy,OK,71,56319988.18696,0,0,PARTIAL_LABEL_SET,
2026-09-11T02:28:24.214089Z,2026-09-11T01:28:24.214089Z,ethereum,USDT,treasury_outflow,OK,0,0,0,0,PARTIAL_LABEL_SET,
2026-09-11T03:28:11.186494Z,2026-09-11T02:28:11.186494Z,ethereum,USDC,mint_destination_proxy,OK,73,2863919.268112,0,0,PARTIAL_LABEL_SET,
2026-09-11T03:28:11.186494Z,2026-09-11T02:28:11.186494Z,ethereum,USDT,treasury_outflow,OK,0,0,0,0,PARTIAL_LABEL_SET,
2026-09-11T04:28:48.607343Z,2026-09-11T03:28:48.607343Z,ethereum,USDC,mint_destination_proxy,OK,92,10219134.248898,0,0,PARTIAL_LABEL_SET,
2026-09-11T04:28:48.607343Z,2026-09-11T03:28:48.607343Z,ethereum,USDT,treasury_outflow,OK,0,0,0,0,PARTIAL_LABEL_SET,
2026-09-11T05:26:58.666706Z,2026-09-11T04:26:58.666706Z,ethereum,USDC,mint_destination_proxy,OK,79,7194866.637519,0,0,PARTIAL_LABEL_SET,
2026-09-11T05:26:58.666706Z,2026-09-11T04:26:58.666706Z,ethereum,USDT,treasury_outflow,OK,0,0,0,0,PARTIAL_LABEL_SET,
2026-09-11T06:33:27.462747Z,2026-09-11T05:33:27.462747Z,ethereum,USDC,mint_destination_proxy,OK,69,2742636.797826,0,0,PARTIAL_LABEL_SET,
2026-09-11T06:33:27.462747Z,2026-09-11T05:33:27.462747Z,ethereum,USDT,treasury_outflow,OK,0,0,0,0,PARTIAL_LABEL_SET,
2026-09-11T07:28:41.114781Z,2026-09-11T06:28:41.114781Z,ethereum,USDC,mint_destination_proxy,OK,123,13582709.485919,0,0,PARTIAL_LABEL_SET,
2026-09-11T07:28:41.114781Z,2026-09-11T06:28:41.114781Z,ethereum,USDT,treasury_outflow,OK,0,0,0,0,PARTIAL_LABEL_SET,
2026-09-11T08:30:11.810257Z,2026-09-11T07:30:11.810257Z,ethereum,USDC,mint_destination_proxy,OK,114,13094834.403827999,0,0,PARTIAL_LABEL_SET,
2026-09-11T08:30:11.810257Z,2026-09-11T07:30:11.810257Z,ethereum,USDT,treasury_outflow,OK,0,0,0,0,PARTIAL_LABEL_SET,
2026-09-11T09:28:34.611642Z,2026-09-11T08:28:34.611642Z,ethereum,USDC,mint_destination_proxy,OK,123,64779168.450018,0,0,PARTIAL_LABEL_SET,
2026-09-11T09:28:34.611642Z,2026-09-11T08:28:34.611642Z,ethereum,USDT,treasury_outflow,OK,0,0,0,0,PARTIAL_LABEL_SET,
2026-09-11T10:28:36.155105Z,2026-09-11T09:28:36.155105Z,ethereum,USDC,mint_destination_proxy,OK,159,24389364.960429,0,0,PARTIAL_LABEL_SET,
2026-09-11T10:28:36.155105Z,2026-09-11T09:28:36.155105Z,ethereum,USDT,treasury_outflow,OK,0,0,0,0,PARTIAL_LABEL_SET,
2026-09-11T11:27:15.260708Z,2026-09-11T10:27:15.260708Z,ethereum,USDC,mint_destination_proxy,OK,158,9110792.675881,0,0,PARTIAL_LABEL_SET,
2026-09-11T11:27:15.260708Z,2026-09-11T10:27:15.260708Z,ethereum,USDT,treasury_outflow,OK,1,29000000.0,0,0,PARTIAL_LABEL_SET,
2026-09-11T12:33:44.973366Z,2026-09-11T11:33:44.973366Z,ethereum,USDC,mint_destination_proxy,OK,115,2795753.843174,0,0,PARTIAL_LABEL_SET,
2026-09-11T12:33:44.973366Z,2026-09-11T11:33:44.973366Z,ethereum,USDT,treasury_outflow,OK,0,0,0,0,PARTIAL_LABEL_SET,
2026-09-11T13:28:47.900450Z,2026-09-11T12:28:47.900450Z,ethereum,USDC,mint_destination_proxy,OK,185,14955040.384103,0,0,PARTIAL_LABEL_SET,
2026-09-11T13:28:47.900450Z,2026-09-11T12:28:47.900450Z,ethereum,USDT,treasury_outflow,OK,1,100000000.0,0,0,PARTIAL_LABEL_SET,
2026-09-11T14:28:50.681200Z,2026-09-11T13:28:50.681200Z,ethereum,USDC,mint_destination_proxy,OK,218,13198419.966764,0,0,PARTIAL_LABEL_SET,
2026-09-11T14:28:50.681200Z,2026-09-11T13:28:50.681200Z,ethereum,USDT,treasury_outflow,OK,0,0,0,0,PARTIAL_LABEL_SET,
2026-09-11T15:27:51.467800Z,2026-09-11T14:27:51.467800Z,ethereum,USDC,mint_destination_proxy,OK,235,76653956.888066,0,0,PARTIAL_LABEL_SET,
2026-09-11T15:27:51.467800Z,2026-09-11T14:27:51.467800Z,ethereum,USDT,treasury_outflow,OK,0,0,0,0,PARTIAL_LABEL_SET,
2026-09-11T16:28:59.504517Z,2026-09-11T15:28:59.504517Z,ethereum,USDC,mint_destination_proxy,OK,194,106693950.614337,0,0,PARTIAL_LABEL_SET,
2026-09-11T16:28:59.504517Z,2026-09-11T15:28:59.504517Z,ethereum,USDT,treasury_outflow,OK,0,0,0,0,PARTIAL_LABEL_SET,
2026-09-11T17:26:36.430653Z,2026-09-11T16:26:36.430653Z,ethereum,USDC,mint_destination_proxy,OK,197,178192629.863765,0,0,PARTIAL_LABEL_SET,
2026-09-11T17:26:36.430653Z,2026-09-11T16:26:36.430653Z,ethereum,USDT,treasury_outflow,OK,2,6037985.99,0,0,PARTIAL_LABEL_SET,
2026-09-11T18:30:52.775969Z,2026-09-11T17:30:52.775969Z,ethereum,USDC,mint_destination_proxy,OK,142,14882264.340788,0,0,PARTIAL_LABEL_SET,
2026-09-11T18:30:52.775969Z,2026-09-11T17:30:52.775969Z,ethereum,USDT,treasury_outflow,OK,0,0,0,0,PARTIAL_LABEL_SET,
2026-09-11T19:25:56.805659Z,2026-09-11T18:25:56.805659Z,ethereum,USDC,mint_destination_proxy,OK,165,34798759.789586,0,0,PARTIAL_LABEL_SET,
2026-09-11T19:25:56.805659Z,2026-09-11T18:25:56.805659Z,ethereum,USDT,treasury_outflow,OK,0,0,0,0,PARTIAL_LABEL_SET,
2026-09-11T20:28:14.836597Z,2026-09-11T19:28:14.836597Z,ethereum,USDC,mint_destination_proxy,OK,196,24414231.352055,0,0,PARTIAL_LABEL_SET,
2026-09-11T20:28:14.836597Z,2026-09-11T19:28:14.836597Z,ethereum,USDT,treasury_outflow,OK,1,80000000.0,0,0,PARTIAL_LABEL_SET,
2026-09-11T21:25:51.330558Z,2026-09-11T20:25:51.330558Z,ethereum,USDC,mint_destination_proxy,OK,150,5376068.81687,0,0,PARTIAL_LABEL_SET,
2026-09-11T21:25:51.330558Z,2026-09-11T20:25:51.330558Z,ethereum,USDT,treasury_outflow,OK,0,0,0,0,PARTIAL_LABEL_SET,
2026-09-11T22:27:10.954802Z,2026-09-11T21:27:10.954802Z,ethereum,USDC,mint_destination_proxy,OK,125,9097736.052528,0,0,PARTIAL_LABEL_SET,
2026-09-11T22:27:10.954802Z,2026-09-11T21:27:10.954802Z,ethereum,USDT,treasury_outflow,OK,0,0,0,0,PARTIAL_LABEL_SET,
2026-09-11T23:24:51.893736Z,2026-09-11T22:24:51.893736Z,ethereum,USDC,mint_destination_proxy,OK,97,15406035.925022,0,0,PARTIAL_LABEL_SET,
2026-09-11T23:24:51.893736Z,2026-09-11T22:24:51.893736Z,ethereum,USDT,treasury_outflow,OK,0,0,0,0,PARTIAL_LABEL_SET,
2026-09-12T00:33:42.094134Z,2026-09-11T23:33:42.094134Z,ethereum,USDC,mint_destination_proxy,OK,85,3143449.995188,0,0,PARTIAL_LABEL_SET,
2026-09-12T00:33:42.094134Z,2026-09-11T23:33:42.094134Z,ethereum,USDT,treasury_outflow,OK,0,0,0,0,PARTIAL_LABEL_SET,
2026-09-12T01:25:19.014829Z,2026-09-12T00:25:19.014829Z,ethereum,USDC,mint_destination_proxy,OK,83,7515742.627976,0,0,PARTIAL_LABEL_SET,
2026-09-12T01:25:19.014829Z,2026-09-12T00:25:19.014829Z,ethereum,USDT,treasury_outflow,OK,1,70000000.0,0,0,PARTIAL_LABEL_SET,
2026-09-12T02:27:51.231487Z,2026-09-12T01:27:51.231487Z,ethereum,USDC,mint_destination_proxy,OK,78,9368144.503739,0,0,PARTIAL_LABEL_SET,
2026-09-12T02:27:51.231487Z,2026-09-12T01:27:51.231487Z,ethereum,USDT,treasury_outflow,OK,0,0,0,0,PARTIAL_LABEL_SET,
2026-09-12T03:27:24.235217Z,2026-09-12T02:27:24.235217Z,ethereum,USDC,mint_destination_proxy,OK,92,6354702.206882,0,0,PARTIAL_LABEL_SET,
2026-09-12T03:27:24.235217Z,2026-09-12T02:27:24.235217Z,ethereum,USDT,treasury_outflow,OK,0,0,0,0,PARTIAL_LABEL_SET,
2026-09-12T04:27:09.689606Z,2026-09-12T03:27:09.689606Z,ethereum,USDC,mint_destination_proxy,OK,87,7299639.742137,0,0,PARTIAL_LABEL_SET,
2026-09-12T04:27:09.689606Z,2026-09-12T03:27:09.689606Z,ethereum,USDT,treasury_outflow,OK,0,0,0,0,PARTIAL_LABEL_SET,
2026-09-12T05:26:16.273913Z,2026-09-12T04:26:16.273913Z,ethereum,USDC,mint_destination_proxy,OK,63,4403609.306045,0,0,PARTIAL_LABEL_SET,
2026-09-12T05:26:16.273913Z,2026-09-12T04:26:16.273913Z,ethereum,USDT,treasury_outflow,OK,0,0,0,0,PARTIAL_LABEL_SET,
2026-09-12T06:31:33.108958Z,2026-09-12T05:31:33.108958Z,ethereum,USDC,mint_destination_proxy,OK,115,402549.101155,0,0,PARTIAL_LABEL_SET,
2026-09-12T06:31:33.108958Z,2026-09-12T05:31:33.108958Z,ethereum,USDT,treasury_outflow,OK,0,0,0,0,PARTIAL_LABEL_SET,
2026-09-12T07:25:31.076497Z,2026-09-12T06:25:31.076497Z,ethereum,USDC,mint_destination_proxy,OK,83,2316372.333327,0,0,PARTIAL_LABEL_SET,
2026-09-12T07:25:31.076497Z,2026-09-12T06:25:31.076497Z,ethereum,USDT,treasury_outflow,OK,0,0,0,0,PARTIAL_LABEL_SET,
2026-09-12T08:27:16.835736Z,2026-09-12T07:27:16.835736Z,ethereum,USDC,mint_destination_proxy,OK,78,10473304.041131001,0,0,PARTIAL_LABEL_SET,
2026-09-12T08:27:16.835736Z,2026-09-12T07:27:16.835736Z,ethereum,USDT,treasury_outflow,OK,0,0,0,0,PARTIAL_LABEL_SET,
2026-09-12T09:26:20.308356Z,2026-09-12T08:26:20.308356Z,ethereum,USDC,mint_destination_proxy,OK,104,710982.953519,0,0,PARTIAL_LABEL_SET,
2026-09-12T09:26:20.308356Z,2026-09-12T08:26:20.308356Z,ethereum,USDT,treasury_outflow,OK,0,0,0,0,PARTIAL_LABEL_SET,
2026-09-12T11:25:11.683929Z,2026-09-12T10:25:11.683929Z,ethereum,USDC,mint_destination_proxy,OK,88,1701940.013213,0,0,PARTIAL_LABEL_SET,
2026-09-12T11:25:11.683929Z,2026-09-12T10:25:11.683929Z,ethereum,USDT,treasury_outflow,OK,0,0,0,0,PARTIAL_LABEL_SET,
2026-09-12T12:30:50.814433Z,2026-09-12T11:30:50.814433Z,ethereum,USDC,mint_destination_proxy,OK,76,819650.610249,0,0,PARTIAL_LABEL_SET,
2026-09-12T12:30:50.814433Z,2026-09-12T11:30:50.814433Z,ethereum,USDT,treasury_outflow,OK,0,0,0,0,PARTIAL_LABEL_SET,
2026-09-12T13:25:42.902274Z,2026-09-12T12:25:42.902274Z,ethereum,USDC,mint_destination_proxy,OK,88,112399898.911857,0,0,PARTIAL_LABEL_SET,
2026-09-12T13:25:42.902274Z,2026-09-12T12:25:42.902274Z,ethereum,USDT,treasury_outflow,OK,1,100000000.0,0,0,PARTIAL_LABEL_SET,
2026-09-12T14:27:13.393526Z,2026-09-12T13:27:13.393526Z,ethereum,USDC,mint_destination_proxy,OK,121,7893808.132355999,0,0,PARTIAL_LABEL_SET,
2026-09-12T14:27:13.393526Z,2026-09-12T13:27:13.393526Z,ethereum,USDT,treasury_outflow,OK,0,0,0,0,PARTIAL_LABEL_SET,
2026-09-12T15:25:43.671182Z,2026-09-12T14:25:43.671182Z,ethereum,USDC,mint_destination_proxy,OK,115,9499165.525466,0,0,PARTIAL_LABEL_SET,
2026-09-12T15:25:43.671182Z,2026-09-12T14:25:43.671182Z,ethereum,USDT,treasury_outflow,OK,0,0,0,0,PARTIAL_LABEL_SET,
2026-09-12T16:26:50.091838Z,2026-09-12T15:26:50.091838Z,ethereum,USDC,mint_destination_proxy,OK,117,1973631.997535,0,0,PARTIAL_LABEL_SET,
2026-09-12T16:26:50.091838Z,2026-09-12T15:26:50.091838Z,ethereum,USDT,treasury_outflow,OK,0,0,0,0,PARTIAL_LABEL_SET,
2026-09-12T17:24:57.692517Z,2026-09-12T16:24:57.692517Z,ethereum,USDC,mint_destination_proxy,OK,120,3557544.000814,0,0,PARTIAL_LABEL_SET,
2026-09-12T17:24:57.692517Z,2026-09-12T16:24:57.692517Z,ethereum,USDT,treasury_outflow,OK,0,0,0,0,PARTIAL_LABEL_SET,
2026-09-12T18:28:09.653410Z,2026-09-12T17:28:09.653410Z,ethereum,USDC,mint_destination_proxy,OK,130,3975654.615097,0,0,PARTIAL_LABEL_SET,
2026-09-12T18:28:09.653410Z,2026-09-12T17:28:09.653410Z,ethereum,USDT,treasury_outflow,OK,0,0,0,0,PARTIAL_LABEL_SET,
2026-09-12T19:24:32.269660Z,2026-09-12T18:24:32.269660Z,ethereum,USDC,mint_destination_proxy,OK,107,1436429.227542,0,0,PARTIAL_LABEL_SET,
2026-09-12T19:24:32.269660Z,2026-09-12T18:24:32.269660Z,ethereum,USDT,treasury_outflow,OK,0,0,0,0,PARTIAL_LABEL_SET,
2026-09-12T20:27:53.341412Z,2026-09-12T19:27:53.341412Z,ethereum,USDC,mint_destination_proxy,OK,98,500742.115209,0,0,PARTIAL_LABEL_SET,
2026-09-12T20:27:53.341412Z,2026-09-12T19:27:53.341412Z,ethereum,USDT,treasury_outflow,OK,0,0,0,0,PARTIAL_LABEL_SET,
2026-09-12T21:26:19.745998Z,2026-09-12T20:26:19.745998Z,ethereum,USDC,mint_destination_proxy,OK,91,210761.537791,0,0,PARTIAL_LABEL_SET,
2026-09-12T21:26:19.745998Z,2026-09-12T20:26:19.745998Z,ethereum,USDT,treasury_outflow,OK,0,0,0,0,PARTIAL_LABEL_SET,
2026-09-12T22:25:40.738682Z,2026-09-12T21:25:40.738682Z,ethereum,USDC,mint_destination_proxy,OK,81,2879305.59334,0,0,PARTIAL_LABEL_SET,
2026-09-12T22:25:40.738682Z,2026-09-12T21:25:40.738682Z,ethereum,USDT,treasury_outflow,OK,0,0,0,0,PARTIAL_LABEL_SET,
2026-09-12T23:25:05.268988Z,2026-09-12T22:25:05.268988Z,ethereum,USDC,mint_destination_proxy,OK,75,9059671.430678,0,0,PARTIAL_LABEL_SET,
2026-09-12T23:25:05.268988Z,2026-09-12T22:25:05.268988Z,ethereum,USDT,treasury_outflow,OK,0,0,0,0,PARTIAL_LABEL_SET,
2026-09-13T00:35:13.183532Z,2026-09-12T23:35:13.183532Z,ethereum,USDC,mint_destination_proxy,OK,72,5169597.997614,0,0,PARTIAL_LABEL_SET,
2026-09-13T00:35:13.183532Z,2026-09-12T23:35:13.183532Z,ethereum,USDT,treasury_outflow,OK,0,0,0,0,PARTIAL_LABEL_SET,
2026-09-13T01:27:16.345789Z,2026-09-13T00:27:16.345789Z,ethereum,USDC,mint_destination_proxy,OK,65,5711162.682148,0,0,PARTIAL_LABEL_SET,
2026-09-13T01:27:16.345789Z,2026-09-13T00:27:16.345789Z,ethereum,USDT,treasury_outflow,OK,0,0,0,0,PARTIAL_LABEL_SET,
2026-09-13T02:27:11.910821Z,2026-09-13T01:27:11.910821Z,ethereum,USDC,mint_destination_proxy,OK,67,6446163.511465,0,0,PARTIAL_LABEL_SET,
2026-09-13T02:27:11.910821Z,2026-09-13T01:27:11.910821Z,ethereum,USDT,treasury_outflow,OK,0,0,0,0,PARTIAL_LABEL_SET,
2026-09-13T03:27:47.629230Z,2026-09-13T02:27:47.629230Z,ethereum,USDC,mint_destination_proxy,OK,49,3071197.212344,0,0,PARTIAL_LABEL_SET,
2026-09-13T03:27:47.629230Z,2026-09-13T02:27:47.629230Z,ethereum,USDT,treasury_outflow,OK,0,0,0,0,PARTIAL_LABEL_SET,
2026-09-13T04:27:59.923189Z,2026-09-13T03:27:59.923189Z,ethereum,USDC,mint_destination_proxy,OK,52,503223.772945,0,0,PARTIAL_LABEL_SET,
2026-09-13T04:27:59.923189Z,2026-09-13T03:27:59.923189Z,ethereum,USDT,treasury_outflow,OK,0,0,0,0,PARTIAL_LABEL_SET,
2026-09-13T06:35:14.837230Z,2026-09-13T05:35:14.837230Z,ethereum,USDC,mint_destination_proxy,OK,67,571252.928009,0,0,PARTIAL_LABEL_SET,
2026-09-13T06:35:14.837230Z,2026-09-13T05:35:14.837230Z,ethereum,USDT,treasury_outflow,OK,0,0,0,0,PARTIAL_LABEL_SET,
2026-09-13T07:25:53.823889Z,2026-09-13T06:25:53.823889Z,ethereum,USDC,mint_destination_proxy,OK,81,3000242.804401,0,0,PARTIAL_LABEL_SET,
2026-09-13T07:25:53.823889Z,2026-09-13T06:25:53.823889Z,ethereum,USDT,treasury_outflow,OK,0,0,0,0,PARTIAL_LABEL_SET,
2026-09-13T08:28:43.119218Z,2026-09-13T07:28:43.119218Z,ethereum,USDC,mint_destination_proxy,OK,84,1637281.059577,0,0,PARTIAL_LABEL_SET,
2026-09-13T08:28:43.119218Z,2026-09-13T07:28:43.119218Z,ethereum,USDT,treasury_outflow,OK,0,0,0,0,PARTIAL_LABEL_SET,
2026-09-13T09:52:59.314014Z,2026-09-13T08:52:59.314014Z,ethereum,USDC,mint_destination_proxy,OK,123,2329339.805219,0,0,PARTIAL_LABEL_SET,
2026-09-13T09:52:59.314014Z,2026-09-13T08:52:59.314014Z,ethereum,USDT,treasury_outflow,OK,0,0,0,0,PARTIAL_LABEL_SET,
2026-09-13T10:30:04.518384Z,2026-09-13T09:30:04.518384Z,ethereum,USDC,mint_destination_proxy,OK,103,1677989.1728720001,0,0,PARTIAL_LABEL_SET,
2026-09-13T10:30:04.518384Z,2026-09-13T09:30:04.518384Z,ethereum,USDT,treasury_outflow,OK,0,0,0,0,PARTIAL_LABEL_SET,
2026-09-13T11:25:54.288872Z,2026-09-13T10:25:54.288872Z,ethereum,USDC,mint_destination_proxy,OK,87,559185.4890010001,0,0,PARTIAL_LABEL_SET,
2026-09-13T11:25:54.288872Z,2026-09-13T10:25:54.288872Z,ethereum,USDT,treasury_outflow,OK,0,0,0,0,PARTIAL_LABEL_SET,
2026-09-13T12:31:22.644935Z,2026-09-13T11:31:22.644935Z,ethereum,USDC,mint_destination_proxy,OK,106,3360221.440939,0,0,PARTIAL_LABEL_SET,
2026-09-13T12:31:22.644935Z,2026-09-13T11:31:22.644935Z,ethereum,USDT,treasury_outflow,OK,0,0,0,0,PARTIAL_LABEL_SET,
2026-09-13T13:26:02.247725Z,2026-09-13T12:26:02.247725Z,ethereum,USDC,mint_destination_proxy,OK,90,4312413.076851,0,0,PARTIAL_LABEL_SET,
2026-09-13T13:26:02.247725Z,2026-09-13T12:26:02.247725Z,ethereum,USDT,treasury_outflow,OK,0,0,0,0,PARTIAL_LABEL_SET,
2026-09-13T14:26:29.874437Z,2026-09-13T13:26:29.874437Z,ethereum,USDC,mint_destination_proxy,OK,125,5825489.453995,0,0,PARTIAL_LABEL_SET,
2026-09-13T14:26:29.874437Z,2026-09-13T13:26:29.874437Z,ethereum,USDT,treasury_outflow,OK,0,0,0,0,PARTIAL_LABEL_SET,
2026-09-13T15:26:45.208349Z,2026-09-13T14:26:45.208349Z,ethereum,USDC,mint_destination_proxy,OK,136,18149052.411403,0,0,PARTIAL_LABEL_SET,
2026-09-13T15:26:45.208349Z,2026-09-13T14:26:45.208349Z,ethereum,USDT,treasury_outflow,OK,0,0,0,0,PARTIAL_LABEL_SET,
2026-09-13T16:27:46.633657Z,2026-09-13T15:27:46.633657Z,ethereum,USDC,mint_destination_proxy,OK,134,73501651.95779,0,0,PARTIAL_LABEL_SET,
2026-09-13T16:27:46.633657Z,2026-09-13T15:27:46.633657Z,ethereum,USDT,treasury_outflow,OK,0,0,0,0,PARTIAL_LABEL_SET,
2026-09-13T17:25:45.357502Z,2026-09-13T16:25:45.357502Z,ethereum,USDC,mint_destination_proxy,OK,118,876971.482739,0,0,PARTIAL_LABEL_SET,
2026-09-13T17:25:45.357502Z,2026-09-13T16:25:45.357502Z,ethereum,USDT,treasury_outflow,OK,0,0,0,0,PARTIAL_LABEL_SET,
2026-09-13T18:29:10.912786Z,2026-09-13T17:29:10.912786Z,ethereum,USDC,mint_destination_proxy,OK,101,2398636.486039,0,0,PARTIAL_LABEL_SET,
2026-09-13T18:29:10.912786Z,2026-09-13T17:29:10.912786Z,ethereum,USDT,treasury_outflow,OK,0,0,0,0,PARTIAL_LABEL_SET,
2026-09-13T19:24:53.664605Z,2026-09-13T18:24:53.664605Z,ethereum,USDC,mint_destination_proxy,OK,100,1965284.7424020001,0,0,PARTIAL_LABEL_SET,
2026-09-13T19:24:53.664605Z,2026-09-13T18:24:53.664605Z,ethereum,USDT,treasury_outflow,OK,0,0,0,0,PARTIAL_LABEL_SET,
2026-09-13T20:27:05.006971Z,2026-09-13T19:27:05.006971Z,ethereum,USDC,mint_destination_proxy,OK,105,260823.602039,0,0,PARTIAL_LABEL_SET,
2026-09-13T20:27:05.006971Z,2026-09-13T19:27:05.006971Z,ethereum,USDT,treasury_outflow,OK,0,0,0,0,PARTIAL_LABEL_SET,
2026-09-13T21:26:04.748362Z,2026-09-13T20:26:04.748362Z,ethereum,USDC,mint_destination_proxy,OK,88,2718546.108794,0,0,PARTIAL_LABEL_SET,
2026-09-13T21:26:04.748362Z,2026-09-13T20:26:04.748362Z,ethereum,USDT,treasury_outflow,OK,0,0,0,0,PARTIAL_LABEL_SET,
2026-09-13T22:27:20.314857Z,2026-09-13T21:27:20.314857Z,ethereum,USDC,mint_destination_proxy,OK,87,3766251.540539,0,0,PARTIAL_LABEL_SET,
2026-09-13T22:27:20.314857Z,2026-09-13T21:27:20.314857Z,ethereum,USDT,treasury_outflow,OK,0,0,0,0,PARTIAL_LABEL_SET,
2026-09-13T23:25:10.562543Z,2026-09-13T22:25:10.562543Z,ethereum,USDC,mint_destination_proxy,OK,117,56957591.748417,0,0,PARTIAL_LABEL_SET,
2026-09-13T23:25:10.562543Z,2026-09-13T22:25:10.562543Z,ethereum,USDT,treasury_outflow,OK,0,0,0,0,PARTIAL_LABEL_SET,
2026-09-14T00:36:24.403636Z,2026-09-13T23:36:24.403636Z,ethereum,USDC,mint_destination_proxy,OK,111,5487730.390243,0,0,PARTIAL_LABEL_SET,
2026-09-14T00:36:24.403636Z,2026-09-13T23:36:24.403636Z,ethereum,USDT,treasury_outflow,OK,0,0,0,0,PARTIAL_LABEL_SET,
2026-09-14T01:27:39.033971Z,2026-09-14T00:27:39.033971Z,ethereum,USDC,mint_destination_proxy,OK,97,4532142.112174,0,0,PARTIAL_LABEL_SET,
2026-09-14T01:27:39.033971Z,2026-09-14T00:27:39.033971Z,ethereum,USDT,treasury_outflow,OK,0,0,0,0,PARTIAL_LABEL_SET,
2026-09-14T02:29:03.533713Z,2026-09-14T01:29:03.533713Z,ethereum,USDC,mint_destination_proxy,OK,100,4218987.955759,0,0,PARTIAL_LABEL_SET,
2026-09-14T02:29:03.533713Z,2026-09-14T01:29:03.533713Z,ethereum,USDT,treasury_outflow,OK,0,0,0,0,PARTIAL_LABEL_SET,
2026-09-14T03:29:42.753189Z,2026-09-14T02:29:42.753189Z,ethereum,USDC,mint_destination_proxy,OK,100,18297084.075543,0,0,PARTIAL_LABEL_SET,
2026-09-14T03:29:42.753189Z,2026-09-14T02:29:42.753189Z,ethereum,USDT,treasury_outflow,OK,0,0,0,0,PARTIAL_LABEL_SET,
2026-09-14T04:29:22.068382Z,2026-09-14T03:29:22.068382Z,ethereum,USDC,mint_destination_proxy,OK,82,20579144.786072,0,0,PARTIAL_LABEL_SET,
2026-09-14T04:29:22.068382Z,2026-09-14T03:29:22.068382Z,ethereum,USDT,treasury_outflow,OK,0,0,0,0,PARTIAL_LABEL_SET,
2026-09-14T05:27:21.514228Z,2026-09-14T04:27:21.514228Z,ethereum,USDC,mint_destination_proxy,OK,73,36969427.202848,0,0,PARTIAL_LABEL_SET,
2026-09-14T05:27:21.514228Z,2026-09-14T04:27:21.514228Z,ethereum,USDT,treasury_outflow,OK,0,0,0,0,PARTIAL_LABEL_SET,
2026-09-14T06:36:18.042045Z,2026-09-14T05:36:18.042045Z,ethereum,USDC,mint_destination_proxy,OK,81,29298120.44577,0,0,PARTIAL_LABEL_SET,
2026-09-14T06:36:18.042045Z,2026-09-14T05:36:18.042045Z,ethereum,USDT,treasury_outflow,OK,0,0,0,0,PARTIAL_LABEL_SET,
2026-09-14T07:30:17.527068Z,2026-09-14T06:30:17.527068Z,ethereum,USDC,mint_destination_proxy,OK,85,9521834.965566,0,0,PARTIAL_LABEL_SET,
2026-09-14T07:30:17.527068Z,2026-09-14T06:30:17.527068Z,ethereum,USDT,treasury_outflow,OK,0,0,0,0,PARTIAL_LABEL_SET,
2026-09-14T08:32:34.350612Z,2026-09-14T07:32:34.350612Z,ethereum,USDC,mint_destination_proxy,OK,104,12059255.106503,0,0,PARTIAL_LABEL_SET,
2026-09-14T08:32:34.350612Z,2026-09-14T07:32:34.350612Z,ethereum,USDT,treasury_outflow,OK,0,0,0,0,PARTIAL_LABEL_SET,
2026-09-14T09:32:16.131761Z,2026-09-14T08:32:16.131761Z,ethereum,USDC,mint_destination_proxy,OK,115,8280888.554642,0,0,PARTIAL_LABEL_SET,
2026-09-14T09:32:16.131761Z,2026-09-14T08:32:16.131761Z,ethereum,USDT,treasury_outflow,OK,0,0,0,0,PARTIAL_LABEL_SET,
2026-09-14T10:29:09.342905Z,2026-09-14T09:29:09.342905Z,ethereum,USDC,mint_destination_proxy,OK,161,7116615.331102,0,0,PARTIAL_LABEL_SET,
2026-09-14T10:29:09.342905Z,2026-09-14T09:29:09.342905Z,ethereum,USDT,treasury_outflow,OK,0,0,0,0,PARTIAL_LABEL_SET,
2026-09-14T11:29:11.712773Z,2026-09-14T10:29:11.712773Z,ethereum,USDC,mint_destination_proxy,OK,97,3449781.786741,0,0,PARTIAL_LABEL_SET,
2026-09-14T11:29:11.712773Z,2026-09-14T10:29:11.712773Z,ethereum,USDT,treasury_outflow,OK,0,0,0,0,PARTIAL_LABEL_SET,
2026-09-14T12:35:20.566756Z,2026-09-14T11:35:20.566756Z,ethereum,USDC,mint_destination_proxy,OK,131,17491355.595967,0,0,PARTIAL_LABEL_SET,
2026-09-14T12:35:20.566756Z,2026-09-14T11:35:20.566756Z,ethereum,USDT,treasury_outflow,OK,0,0,0,0,PARTIAL_LABEL_SET,
2026-09-14T13:31:30.524700Z,2026-09-14T12:31:30.524700Z,ethereum,USDC,mint_destination_proxy,OK,185,57257542.184371,0,0,PARTIAL_LABEL_SET,
2026-09-14T13:31:30.524700Z,2026-09-14T12:31:30.524700Z,ethereum,USDT,treasury_outflow,OK,0,0,0,0,PARTIAL_LABEL_SET,
2026-09-14T14:31:32.426759Z,2026-09-14T13:31:32.426759Z,ethereum,USDC,mint_destination_proxy,OK,154,124314334.532417,0,0,PARTIAL_LABEL_SET,
2026-09-14T14:31:32.426759Z,2026-09-14T13:31:32.426759Z,ethereum,USDT,treasury_outflow,OK,0,0,0,0,PARTIAL_LABEL_SET,
2026-09-14T16:29:12.772132Z,2026-09-14T15:29:12.772132Z,ethereum,USDC,mint_destination_proxy,OK,176,45849093.814825,0,0,PARTIAL_LABEL_SET,
2026-09-14T16:29:12.772132Z,2026-09-14T15:29:12.772132Z,ethereum,USDT,treasury_outflow,OK,0,0,0,0,PARTIAL_LABEL_SET,
2026-09-14T17:27:08.128748Z,2026-09-14T16:27:08.128748Z,ethereum,USDC,mint_destination_proxy,OK,164,185183419.19575,0,0,PARTIAL_LABEL_SET,
2026-09-14T17:27:08.128748Z,2026-09-14T16:27:08.128748Z,ethereum,USDT,treasury_outflow,OK,1,205044.96,0,0,PARTIAL_LABEL_SET,
2026-09-14T18:32:09.951403Z,2026-09-14T17:32:09.951403Z,ethereum,USDC,mint_destination_proxy,OK,172,232886049.933072,0,0,PARTIAL_LABEL_SET,
2026-09-14T18:32:09.951403Z,2026-09-14T17:32:09.951403Z,ethereum,USDT,treasury_outflow,OK,0,0,0,0,PARTIAL_LABEL_SET,
2026-09-14T19:28:36.974744Z,2026-09-14T18:28:36.974744Z,ethereum,USDC,mint_destination_proxy,OK,183,18671241.23319,0,0,PARTIAL_LABEL_SET,
2026-09-14T19:28:36.974744Z,2026-09-14T18:28:36.974744Z,ethereum,USDT,treasury_outflow,OK,0,0,0,0,PARTIAL_LABEL_SET,
2026-09-14T20:28:26.985538Z,2026-09-14T19:28:26.985538Z,ethereum,USDC,mint_destination_proxy,OK,167,32877734.543684,0,0,PARTIAL_LABEL_SET,
2026-09-14T20:28:26.985538Z,2026-09-14T19:28:26.985538Z,ethereum,USDT,treasury_outflow,OK,0,0,0,0,PARTIAL_LABEL_SET,
2026-09-14T22:28:52.370737Z,2026-09-14T21:28:52.370737Z,ethereum,USDC,mint_destination_proxy,OK,116,6342657.677773,0,0,PARTIAL_LABEL_SET,
2026-09-14T22:28:52.370737Z,2026-09-14T21:28:52.370737Z,ethereum,USDT,treasury_outflow,OK,0,0,0,0,PARTIAL_LABEL_SET,
2026-09-14T23:25:12.321721Z,2026-09-14T22:25:12.321721Z,ethereum,USDC,mint_destination_proxy,OK,106,5016571.551571,0,0,PARTIAL_LABEL_SET,
2026-09-14T23:25:12.321721Z,2026-09-14T22:25:12.321721Z,ethereum,USDT,treasury_outflow,OK,0,0,0,0,PARTIAL_LABEL_SET,
2026-09-15T01:30:22.713054Z,2026-09-15T00:30:22.713054Z,ethereum,USDC,mint_destination_proxy,OK,108,17508195.65312,0,0,PARTIAL_LABEL_SET,
2026-09-15T01:30:22.713054Z,2026-09-15T00:30:22.713054Z,ethereum,USDT,treasury_outflow,OK,0,0,0,0,PARTIAL_LABEL_SET,
2026-09-15T02:30:05.135076Z,2026-09-15T01:30:05.135076Z,ethereum,USDC,mint_destination_proxy,OK,91,7273467.802925,0,0,PARTIAL_LABEL_SET,
2026-09-15T02:30:05.135076Z,2026-09-15T01:30:05.135076Z,ethereum,USDT,treasury_outflow,OK,0,0,0,0,PARTIAL_LABEL_SET,
2026-09-15T03:30:16.024356Z,2026-09-15T02:30:16.024356Z,ethereum,USDC,mint_destination_proxy,OK,105,8660155.950731,0,0,PARTIAL_LABEL_SET,
2026-09-15T03:30:16.024356Z,2026-09-15T02:30:16.024356Z,ethereum,USDT,treasury_outflow,OK,0,0,0,0,PARTIAL_LABEL_SET,
2026-09-15T04:30:05.143740Z,2026-09-15T03:30:05.143740Z,ethereum,USDC,mint_destination_proxy,OK,103,6547144.942828,0,0,PARTIAL_LABEL_SET,
2026-09-15T04:30:05.143740Z,2026-09-15T03:30:05.143740Z,ethereum,USDT,treasury_outflow,OK,0,0,0,0,PARTIAL_LABEL_SET,
2026-09-15T05:29:06.507006Z,2026-09-15T04:29:06.507006Z,ethereum,USDC,mint_destination_proxy,OK,91,2742963.765383,0,0,PARTIAL_LABEL_SET,
2026-09-15T05:29:06.507006Z,2026-09-15T04:29:06.507006Z,ethereum,USDT,treasury_outflow,OK,0,0,0,0,PARTIAL_LABEL_SET,
2026-09-15T06:35:41.491105Z,2026-09-15T05:35:41.491105Z,ethereum,USDC,mint_destination_proxy,OK,100,5979617.759404,0,0,PARTIAL_LABEL_SET,
2026-09-15T06:35:41.491105Z,2026-09-15T05:35:41.491105Z,ethereum,USDT,treasury_outflow,OK,0,0,0,0,PARTIAL_LABEL_SET,
2026-09-15T07:30:50.775130Z,2026-09-15T06:30:50.775130Z,ethereum,USDC,mint_destination_proxy,OK,94,4018475.201345,0,0,PARTIAL_LABEL_SET,
2026-09-15T07:30:50.775130Z,2026-09-15T06:30:50.775130Z,ethereum,USDT,treasury_outflow,OK,0,0,0,0,PARTIAL_LABEL_SET,
2026-09-15T08:32:05.749535Z,2026-09-15T07:32:05.749535Z,ethereum,USDC,mint_destination_proxy,OK,147,9193736.308482,0,0,PARTIAL_LABEL_SET,
2026-09-15T08:32:05.749535Z,2026-09-15T07:32:05.749535Z,ethereum,USDT,treasury_outflow,OK,0,0,0,0,PARTIAL_LABEL_SET,
2026-09-15T09:34:07.256621Z,2026-09-15T08:34:07.256621Z,ethereum,USDC,mint_destination_proxy,OK,141,8906255.784182,0,0,PARTIAL_LABEL_SET,
2026-09-15T09:34:07.256621Z,2026-09-15T08:34:07.256621Z,ethereum,USDT,treasury_outflow,OK,0,0,0,0,PARTIAL_LABEL_SET,
2026-09-15T10:29:06.938816Z,2026-09-15T09:29:06.938816Z,ethereum,USDC,mint_destination_proxy,OK,146,11653493.986905,0,0,PARTIAL_LABEL_SET,
2026-09-15T10:29:06.938816Z,2026-09-15T09:29:06.938816Z,ethereum,USDT,treasury_outflow,OK,0,0,0,0,PARTIAL_LABEL_SET,
