plan,zone,touch,zone_quality,zone_mid,zone_low,zone_high,sl,target,rr_mid,fear_any_24h,fear_any_72h,max_exhaust_24h,max_early_24h,max_reaction_24h,max_exhaust_72h,max_early_72h,max_reaction_72h,max_indep_72h,early_core72_time,early_core72_price,early_rr3_72_time,early_rr3_72_price,early_rr35_72_time,early_rr35_72_price,early_rr4_72_time,early_rr4_72_price,fast_core72_time,fast_core72_price,fast_rr3_72_time,fast_rr3_72_price,early_core_rows_24h,early_core_rows_72h,fast_core_rows_72h,blockers,early_core72_ret4h,early_core72_ret24h,early_core72_ret72h,early_core72_mfe,early_core72_mae,early_core72_first_hit,early_core72_hit_time,fast_core72_ret4h,fast_core72_ret24h,fast_core72_ret72h,fast_core72_mfe,fast_core72_mae,fast_core72_first_hit,fast_core72_hit_time
P001,1,2024-06-14 16:00:00+00:00,74,65107.39895681587,64409.46386648947,65805.33404714229,54768.91649825353,67400.6,0.22181215206153412,True,True,60,66,75,73,91,80,4,,,,,,,,,,,,,0,0,0,"{""zone"": 73, ""fear"": 69, ""exhaust"": 72, ""early"": 71, ""safety"": 73, ""nonchase"": 0, ""independent"": 55, ""rr4_close"": 73, ""rr4_mid"": 73}",,,,,,,,,,,,,,
P002,1,2024-07-16 01:00:00+00:00,61,64086.816000000006,63468.49751321996,64705.13448678005,57103.052289659856,64936.1,0.12160835263405945,True,True,42,71,81,61,86,85,4,,,,,,,,,,,,,0,0,0,"{""zone"": 73, ""fear"": 71, ""exhaust"": 73, ""early"": 71, ""safety"": 0, ""nonchase"": 1, ""independent"": 66, ""rr4_close"": 73, ""rr4_mid"": 73}",,,,,,,,,,,,,,
P002,2,2024-08-02 21:00:00+00:00,67,60812.4905708755,60194.17208409546,61430.80905765555,57103.052289659856,64936.1,1.1116533330682934,True,True,75,82,75,75,82,77,5,,,,,,,,,,,,,0,0,0,"{""zone"": 73, ""fear"": 45, ""exhaust"": 72, ""early"": 71, ""safety"": 22, ""nonchase"": 0, ""independent"": 66, ""rr4_close"": 69, ""rr4_mid"": 73}",,,,,,,,,,,,,,
P002,3,2024-08-04 14:00:00+00:00,62,58958.00774999999,58339.689263219945,59576.326236780034,57103.052289659856,64936.1,3.222768620494983,True,True,59,70,67,71,70,67,3,,,,,,,,,,,,,0,0,0,"{""zone"": 73, ""fear"": 51, ""exhaust"": 72, ""early"": 73, ""safety"": 59, ""nonchase"": 10, ""independent"": 70, ""rr4_close"": 65, ""rr4_mid"": 73}",,,,,,,,,,,,,,
P003,1,2024-08-24 01:00:00+00:00,57,63128.934,62374.78335806715,63883.08464193285,46646.37871613429,65000.0,0.11351795688084423,False,False,46,70,77,64,96,85,4,,,,,,,,,,,,,0,0,0,"{""zone"": 73, ""fear"": 73, ""exhaust"": 73, ""early"": 72, ""safety"": 73, ""nonchase"": 12, ""independent"": 64, ""rr4_close"": 73, ""rr4_mid"": 73}",,,,,,,,,,,,,,
P003,2,2024-08-27 15:00:00+00:00,67,60856.01049969943,60101.859857766576,61610.16114163228,46646.37871613429,65000.0,0.29163243378998127,True,True,51,77,67,59,77,67,4,,,,,,,,,,,,,0,0,0,"{""zone"": 73, ""fear"": 57, ""exhaust"": 73, ""early"": 72, ""safety"": 73, ""nonchase"": 0, ""independent"": 69, ""rr4_close"": 73, ""rr4_mid"": 73}",,,,,,,,,,,,,,
P004,1,2024-10-02 19:00:00+00:00,71,59447.72614233103,58826.50581879923,60068.94646586282,47024.33902940462,62555.0,0.25011487039922364,True,True,82,80,77,82,80,77,3,,,,,,,,,,,,,0,0,0,"{""zone"": 73, ""fear"": 72, ""exhaust"": 72, ""early"": 70, ""safety"": 73, ""nonchase"": 0, ""independent"": 47, ""rr4_close"": 73, ""rr4_mid"": 73}",,,,,,,,,,,,,,
P005,1,2024-10-23 18:00:00+00:00,86,64862.90430522179,64303.439984047014,65422.368626396565,59491.82253154982,67953.7,0.5754512452088713,False,True,71,90,77,82,90,77,4,2024-10-25 18:00:00+00:00,66993.1,,,,,,,2024-10-23 18:00:00+00:00,66037.1,,,0,2,22,"{""zone"": 0, ""fear"": 70, ""exhaust"": 70, ""early"": 70, ""safety"": 0, ""nonchase"": 0, ""independent"": 38, ""rr4_close"": 73, ""rr4_mid"": 73}",-0.0058677684716784695,0.0003463043208926653,0.03253917194457334,0.3944883876100673,-0.021433550619392228,TP1,2024-10-27 17:00:00+00:00,0.00640851884773852,0.02677282921266988,0.014828028487017031,0.41467599273741573,-0.012338518802309628,TP1,2024-10-24 13:00:00+00:00
P006,1,2024-10-31 18:00:00+00:00,78,69798.15865682451,69257.84418231797,70338.47313133105,61675.712364041625,73660.0,0.47545298595656915,True,True,65,72,80,65,72,80,3,,,,,,,,,,,,,0,0,0,"{""zone"": 73, ""fear"": 58, ""exhaust"": 73, ""early"": 73, ""safety"": 0, ""nonchase"": 0, ""independent"": 65, ""rr4_close"": 73, ""rr4_mid"": 73}",,,,,,,,,,,,,,
P006,2,2024-11-03 02:00:00+00:00,80,67529.95935180699,66989.64487730045,68070.27382631353,61675.712364041625,73660.0,1.047110014491022,True,True,59,80,85,71,80,85,4,,,,,,,,,2024-11-03 02:00:00+00:00,68200.1,,,0,0,28,"{""zone"": 73, ""fear"": 63, ""exhaust"": 72, ""early"": 69, ""safety"": 1, ""nonchase"": 1, ""independent"": 43, ""rr4_close"": 73, ""rr4_mid"": 73}",,,,,,,,0.005400285336824906,0.01596038715485748,0.0715365519991904,0.4612881799293549,-0.02038266806060407,TP1,2024-11-06 03:00:00+00:00
P007,1,2024-11-14 21:00:00+00:00,83,86415.29422830006,85542.74566540556,87287.84279119456,73764.30615685039,93421.1,0.5537753835615747,True,True,71,65,77,71,71,78,4,,,,,,,,,2024-11-14 23:00:00+00:00,87382.7,,,0,0,7,"{""zone"": 0, ""fear"": 71, ""exhaust"": 71, ""early"": 73, ""safety"": 73, ""nonchase"": 0, ""independent"": 40, ""rr4_close"": 73, ""rr4_mid"": 73}",,,,,,,,0.009960781710796507,0.042249781707363265,0.028806617328143824,0.197381174992304,-0.007652544496793978,TP1,2024-11-19 18:00:00+00:00
P008,1,2024-12-18 20:00:00+00:00,80,100946.06330387594,99934.92935194528,101957.1972558066,86485.07914420801,106665.8,0.39552886808883725,True,True,84,70,71,84,80,71,3,,,,,,,,,2024-12-19 10:00:00+00:00,102378.7,,,0,0,2,"{""zone"": 73, ""fear"": 55, ""exhaust"": 72, ""early"": 72, ""safety"": 5, ""nonchase"": 1, ""independent"": 70, ""rr4_close"": 73, ""rr4_mid"": 73}",,,,,,,,-0.014363339249277463,-0.07815492871075713,-0.052830325057848904,0.003744919597533647,-0.1315674061108414,none,
P008,2,2024-12-19 02:00:00+00:00,82,98208.58834412646,97197.4543921958,99219.72229605712,86485.07914420801,106665.8,0.72138909192244,True,True,88,80,67,88,80,77,5,2024-12-19 18:00:00+00:00,98883.6,,,,,,,2024-12-19 02:00:00+00:00,100526.3,,,1,1,3,"{""zone"": 0, ""fear"": 60, ""exhaust"": 72, ""early"": 70, ""safety"": 5, ""nonchase"": 1, ""independent"": 65, ""rr4_close"": 73, ""rr4_mid"": 73}",-0.005579287161875279,-0.019496660720281334,-0.030037336828351857,0.03922288428010301,-0.10087213653224603,none,,0.006301833450549799,-0.02916649672772198,-0.03814822588715594,0.02224094590171921,-0.11556478254944236,none,
P008,3,2025-01-13 12:00:00+00:00,80,89518.481,88507.34704806934,90529.61495193066,86485.07914420801,106665.8,5.652834611167272,True,True,94,95,85,94,95,85,6,,,,,,,,,2025-01-13 14:00:00+00:00,91800.0,,,0,0,30,"{""zone"": 73, ""fear"": 68, ""exhaust"": 72, ""early"": 72, ""safety"": 0, ""nonchase"": 5, ""independent"": 54, ""rr4_close"": 73, ""rr4_mid"": 0}",,,,,,,,0.0026067538126361978,0.04846405228758166,0.055032679738562074,0.0605,-0.03149237472766886,none,
P009,1,2025-01-19 22:00:00+00:00,75,100481.58251376741,99522.55434123955,101440.61068629527,86031.91548241641,105784.0,0.3669577627448506,True,True,75,82,76,75,82,77,4,,,,,,,,,,,,,0,0,0,"{""zone"": 73, ""fear"": 65, ""exhaust"": 71, ""early"": 71, ""safety"": 70, ""nonchase"": 0, ""independent"": 50, ""rr4_close"": 73, ""rr4_mid"": 73}",,,,,,,,,,,,,,
P009,2,2025-01-27 07:00:00+00:00,94,97293.05432649695,96334.02615396908,98252.08249902481,86031.91548241641,105784.0,0.7540041723192462,True,True,71,85,80,71,90,87,5,2025-01-27 07:00:00+00:00,98996.3,,,,,,,2025-01-27 07:00:00+00:00,98996.3,,,1,1,21,"{""zone"": 0, ""fear"": 66, ""exhaust"": 71, ""early"": 70, ""safety"": 60, ""nonchase"": 0, ""independent"": 49, ""rr4_close"": 73, ""rr4_mid"": 73}",-0.0029930411540634028,0.037955964010776055,0.061505328987043084,0.07529271295997919,-0.07945751507884635,TP1,2025-01-30 14:00:00+00:00,-0.0029930411540634028,0.037955964010776055,0.061505328987043084,0.07529271295997919,-0.07945751507884635,TP1,2025-01-30 14:00:00+00:00
P011,1,2025-05-07 18:00:00+00:00,82,95195.01448305805,94514.12407131553,95875.90489480058,88474.73026477243,97865.4,0.3973619909818587,True,True,66,84,86,66,84,86,4,,,,,,,,,2025-05-07 18:00:00+00:00,96548.7,,,0,0,28,"{""zone"": 0, ""fear"": 72, ""exhaust"": 73, ""early"": 71, ""safety"": 0, ""nonchase"": 7, ""independent"": 48, ""rr4_close"": 73, ""rr4_mid"": 73}",,,,,,,,0.007004755113222627,0.04941961932164807,0.0688585138898814,0.15961685657082914,-0.00859876932573922,TP1,2025-05-08 01:00:00+00:00
P012,1,2025-05-29 23:00:00+00:00,72,104372.87023657275,103643.77028983638,105101.97018330912,90275.20009450532,107292.5,0.20710016151641084,True,True,60,82,67,60,82,77,4,,,,,,,,,,,,,0,0,0,"{""zone"": 73, ""fear"": 71, ""exhaust"": 73, ""early"": 71, ""safety"": 0, ""nonchase"": 0, ""independent"": 61, ""rr4_close"": 73, ""rr4_mid"": 73}",,,,,,,,,,,,,,
P012,2,2025-06-05 19:00:00+00:00,71,101329.39521264052,100600.29526590415,102058.4951593769,90275.20009450532,107292.5,0.5394426933514658,True,True,40,70,77,59,80,77,4,,,,,,,,,,,,,0,0,0,"{""zone"": 73, ""fear"": 68, ""exhaust"": 73, ""early"": 72, ""safety"": 2, ""nonchase"": 0, ""independent"": 59, ""rr4_close"": 73, ""rr4_mid"": 73}",,,,,,,,,,,,,,
P013,1,2025-07-04 14:00:00+00:00,77,106769.58249473303,106070.74998121055,107468.4150082555,91230.50245943257,109690.4,0.18796592196138284,True,True,64,81,75,75,93,78,5,,,,,,,,,,,,,0,0,0,"{""zone"": 73, ""fear"": 71, ""exhaust"": 70, ""early"": 69, ""safety"": 73, ""nonchase"": 0, ""independent"": 53, ""rr4_close"": 73, ""rr4_mid"": 73}",,,,,,,,,,,,,,
P014,1,2025-08-14 12:00:00+00:00,85,118431.14590617442,117707.40689742041,119154.88491492844,109678.78297373795,124545.6,0.6986060954082769,True,True,54,58,73,76,73,73,3,,,,,,,,,,,,,0,0,0,"{""zone"": 0, ""fear"": 59, ""exhaust"": 72, ""early"": 73, ""safety"": 0, ""nonchase"": 0, ""independent"": 70, ""rr4_close"": 73, ""rr4_mid"": 73}",,,,,,,,,,,,,,
P014,2,2025-08-18 02:00:00+00:00,75,114674.34199999999,113950.60299124598,115398.081008754,109678.78297373795,124545.6,1.976006678753279,True,True,65,90,77,72,95,77,5,,,,,,,,,,,,,0,0,0,"{""zone"": 73, ""fear"": 64, ""exhaust"": 71, ""early"": 69, ""safety"": 0, ""nonchase"": 0, ""independent"": 59, ""rr4_close"": 72, ""rr4_mid"": 73}",,,,,,,,,,,,,,
P014,3,2025-08-20 01:00:00+00:00,71,111850.0,111126.26099124599,112573.73900875401,109678.78297373795,124545.6,5.847227544017861,True,True,68,86,77,79,86,77,4,,,,,,,,,,,,,0,0,0,"{""zone"": 73, ""fear"": 71, ""exhaust"": 71, ""early"": 72, ""safety"": 0, ""nonchase"": 0, ""independent"": 57, ""rr4_close"": 59, ""rr4_mid"": 0}",,,,,,,,,,,,,,
P015,1,2025-09-17 18:00:00+00:00,71,114497.63179025431,113810.64599951278,115184.61758099584,100845.4982517141,116910.8,0.17676125148741617,True,True,46,67,77,88,82,77,5,,,,,,,,,,,,,0,0,0,"{""zone"": 73, ""fear"": 68, ""exhaust"": 71, ""early"": 70, ""safety"": 0, ""nonchase"": 0, ""independent"": 39, ""rr4_close"": 73, ""rr4_mid"": 73}",,,,,,,,,,,,,,
P015,2,2025-10-10 21:00:00+00:00,81,107776.12364031217,107129.4668984703,108422.78038215404,100845.4982517141,116910.8,1.3180161742280514,True,True,82,80,70,82,80,77,4,,,,,,,,,2025-10-10 21:00:00+00:00,113253.6,,,0,0,25,"{""zone"": 73, ""fear"": 55, ""exhaust"": 72, ""early"": 72, ""safety"": 0, ""nonchase"": 2, ""independent"": 26, ""rr4_close"": 73, ""rr4_mid"": 73}",,,,,,,,-0.019368920723049965,-0.02137592094202756,0.02116842201925584,0.023472984523229323,-0.10363555772178545,none,
P015,3,2025-10-10 21:00:00+00:00,71,102724.073,102097.88141723804,103350.26458276197,100845.4982517141,116910.8,7.551856540680445,True,True,82,80,70,82,80,77,4,,,,,,,,,,,,,0,0,0,"{""zone"": 73, ""fear"": 55, ""exhaust"": 72, ""early"": 72, ""safety"": 0, ""nonchase"": 2, ""independent"": 26, ""rr4_close"": 73, ""rr4_mid"": 0}",,,,,,,,,,,,,,
P016,1,2025-10-10 20:00:00+00:00,85,113383.58973940538,112703.28820096895,114063.8912778418,102880.26974288732,119457.0,0.5782371919172238,True,True,66,50,55,66,70,77,4,,,,,,,,,2025-10-12 19:00:00+00:00,114288.7,,,0,0,12,"{""zone"": 0, ""fear"": 54, ""exhaust"": 73, ""early"": 73, ""safety"": 0, ""nonchase"": 2, ""independent"": 59, ""rr4_close"": 73, ""rr4_mid"": 73}",,,,,,,,0.00529973654438276,0.012581296313633805,-0.02700179457811669,0.018300146908662107,-0.09466115197740455,none,
P016,2,2025-10-10 21:00:00+00:00,91,108509.99833897059,107846.93625326637,109173.06042467481,102880.26974288732,119457.0,1.9444990063367344,True,True,82,80,70,82,80,77,4,,,,,,,,,2025-10-10 21:00:00+00:00,113253.6,,,0,0,25,"{""zone"": 0, ""fear"": 55, ""exhaust"": 72, ""early"": 72, ""safety"": 0, ""nonchase"": 2, ""independent"": 26, ""rr4_close"": 73, ""rr4_mid"": 73}",,,,,,,,-0.019368920723049965,-0.02137592094202756,0.02116842201925584,0.027607069444150145,-0.10363555772178545,SL,2025-10-10 21:00:00+00:00
P016,3,2025-10-10 21:00:00+00:00,77,104869.45599999999,104206.39391429577,105532.51808570421,102880.26974288732,119457.0,7.333422874725681,True,True,82,80,70,82,80,77,4,,,,,,,,,,,,,0,0,0,"{""zone"": 73, ""fear"": 55, ""exhaust"": 72, ""early"": 72, ""safety"": 0, ""nonchase"": 2, ""independent"": 26, ""rr4_close"": 73, ""rr4_mid"": 0}",,,,,,,,,,,,,,
P017,1,2026-01-08 07:00:00+00:00,74,88949.92329365155,88287.16062267011,89612.68596463298,78611.7119870557,91597.6,0.25610588019798214,False,True,73,90,75,73,90,77,4,,,,,,,,,,,,,0,0,0,"{""zone"": 73, ""fear"": 71, ""exhaust"": 71, ""early"": 71, ""safety"": 0, ""nonchase"": 0, ""independent"": 36, ""rr4_close"": 73, ""rr4_mid"": 73}",,,,,,,,,,,,,,
P017,2,2026-01-29 15:00:00+00:00,61,84408.6,83745.83732901857,85071.36267098144,78611.7119870557,91597.6,1.240148159486116,True,True,75,83,70,75,83,70,5,,,,,,,,,,,,,0,0,0,"{""zone"": 73, ""fear"": 46, ""exhaust"": 72, ""early"": 71, ""safety"": 15, ""nonchase"": 0, ""independent"": 70, ""rr4_close"": 64, ""rr4_mid"": 73}",,,,,,,,,,,,,,
P017,3,2026-01-30 01:00:00+00:00,61,80600.0,79937.23732901856,81262.76267098144,78611.7119870557,91597.6,5.531190616451266,True,True,64,86,77,91,86,77,4,,,,,,,,,,,,,0,0,0,"{""zone"": 73, ""fear"": 54, ""exhaust"": 72, ""early"": 72, ""safety"": 25, ""nonchase"": 0, ""independent"": 53, ""rr4_close"": 64, ""rr4_mid"": 0}",,,,,,,,,,,,,,
P018,1,2026-03-06 12:00:00+00:00,66,69103.0348252189,68193.28135110566,70012.78829933214,59672.43957766028,74046.5,0.5241943954768772,True,True,42,55,47,66,55,54,2,,,,,,,,,,,,,0,0,0,"{""zone"": 73, ""fear"": 57, ""exhaust"": 73, ""early"": 73, ""safety"": 0, ""nonchase"": 0, ""independent"": 73, ""rr4_close"": 73, ""rr4_mid"": 73}",,,,,,,,,,,,,,
P018,2,2026-03-06 14:00:00+00:00,61,67350.9,66441.14652588675,68260.65347411323,59672.43957766028,74046.5,0.8719977224236032,True,True,59,65,67,66,65,77,4,,,,,,,,,,,,,0,0,0,"{""zone"": 73, ""fear"": 59, ""exhaust"": 73, ""early"": 73, ""safety"": 0, ""nonchase"": 0, ""independent"": 62, ""rr4_close"": 73, ""rr4_mid"": 73}",,,,,,,,,,,,,,
P019,1,2026-04-12 01:00:00+00:00,63,71561.42179811743,70913.86386186542,72208.97973436944,62975.52619124398,73450.0,0.21996286565267192,True,True,48,73,52,48,73,85,4,,,,,,,,,,,,,0,0,0,"{""zone"": 73, ""fear"": 66, ""exhaust"": 73, ""early"": 73, ""safety"": 25, ""nonchase"": 7, ""independent"": 60, ""rr4_close"": 73, ""rr4_mid"": 73}",,,,,,,,,,,,,,
P020,1,2026-04-27 05:00:00+00:00,81,77550.4391794344,76965.08985795395,78135.78850091484,69877.00603555865,79444.0,0.24676840014913973,True,True,65,75,63,65,76,72,4,,,,,,,,,,,,,0,0,0,"{""zone"": 73, ""fear"": 66, ""exhaust"": 73, ""early"": 71, ""safety"": 0, ""nonchase"": 0, ""independent"": 66, ""rr4_close"": 73, ""rr4_mid"": 73}",,,,,,,,,,,,,,
P020,2,2026-04-28 14:00:00+00:00,71,75197.05417298879,74611.70485150834,75782.40349446924,69877.00603555865,79444.0,0.7982908645376844,True,True,53,60,77,53,80,85,4,,,,,,,,,,,,,0,0,0,"{""zone"": 73, ""fear"": 70, ""exhaust"": 73, ""early"": 71, ""safety"": 0, ""nonchase"": 0, ""independent"": 56, ""rr4_close"": 73, ""rr4_mid"": 73}",,,,,,,,,,,,,,
P021,1,2026-07-23 12:00:00+00:00,73,64635.970308582495,64185.07356908564,65086.86704807935,58336.209781509424,66924.1,0.36320899526010997,True,True,64,81,85,76,81,85,4,,,,,,,,,,,,,0,0,0,"{""zone"": 73, ""fear"": 61, ""exhaust"": 72, ""early"": 70, ""safety"": 0, ""nonchase"": 0, ""independent"": 68, ""rr4_close"": 73, ""rr4_mid"": 73}",,,,,,,,,,,,,,
P021,2,2026-07-28 00:00:00+00:00,63,63113.488,62662.59126050314,63564.384739496854,58336.209781509424,66924.1,0.7976533552621952,True,True,66,80,85,66,80,85,4,,,,,,,,,,,,,0,0,0,"{""zone"": 73, ""fear"": 68, ""exhaust"": 73, ""early"": 71, ""safety"": 0, ""nonchase"": 0, ""independent"": 54, ""rr4_close"": 73, ""rr4_mid"": 73}",,,,,,,,,,,,,,
P022,1,2026-08-20 03:00:00+00:00,67,68714.22878364025,68301.94341093842,69126.51415634209,61021.4117371881,70450.0,0.22563531744983661,True,True,33,53,77,64,53,77,4,,,,,,,,,,,,,0,0,0,"{""zone"": 73, ""fear"": 69, ""exhaust"": 73, ""early"": 73, ""safety"": 65, ""nonchase"": 46, ""independent"": 44, ""rr4_close"": 73, ""rr4_mid"": 73}",,,,,,,,,,,,,,
