window_end_utc,window_start_utc,venue,symbol,status,field_coverage,field_total,trade_completeness,trade_count,trade_notional_1h_usdt,taker_buy_notional_usdt,taker_sell_notional_usdt,taker_buy_ratio,taker_sell_ratio,cvd_notional_usdt,last_price,index_price,mark_price,basis_bps,volume_24h_base,volume_24h_quote,volume_24h_usdt,price_ts_utc,long_position_ratio,short_position_ratio,long_short_position_ratio,long_short_ts_utc,depth_ts_utc,best_bid,best_ask,depth_bid_notional_0_5pct,depth_ask_notional_0_5pct,depth_imbalance_0_5pct,depth_bid_notional_1pct,depth_ask_notional_1pct,depth_imbalance_1pct,liquidation_completeness,liquidation_count,long_liquidation_amount_raw,short_liquidation_amount_raw,errors
2026-09-04T14:00:17.335380Z,2026-09-04T13:00:17.335380Z,Bitget USDT Futures,BTCUSDT,PARTIAL,,,PARTIAL_MAX_PAGES,60000,,82796607.58577,56030579.11811,0.5964005289711454,,26766028.467659995,79424.2,79450.5265,79429.6,-2.6339032504718585,,,,2026-09-04T14:00:38.200000Z,,,,,,,,,,,,,,FULL,2,0.0476,0,
2026-09-04T14:00:17.335380Z,2026-09-04T13:00:17.335380Z,Bitget USDT Futures,ETHUSDT,OK,,,FULL,42176,,95232256.9849,76576649.7888,0.5542917347721456,,18655607.196099997,2453.47,2454.5865,2453.81,-3.163465618343242,,,,2026-09-04T14:00:53.385000Z,,,,,,,,,,,,,,FULL,1,0.01,0,
2026-09-04T14:17:14.826080Z,2026-09-04T13:17:14.826080Z,Bitget USDT Futures,BTCUSDT,PARTIAL,,,PARTIAL_MAX_PAGES,60000,,58284403.68825,55641250.0032,0.5116003446081098,,2643153.685049996,79254.2,79276.1735,79254.2,-2.7717659707693354,,,,2026-09-04T14:17:35.450000Z,,,,,,,,,,,,,,FULL,13,1.4706000000000001,0,
2026-09-04T14:17:14.826080Z,2026-09-04T13:17:14.826080Z,Bitget USDT Futures,ETHUSDT,OK,,,FULL,38214,,76747572.4436,72086656.2028,0.5156580790695445,,4660916.240799993,2447.86,2448.97,2447.87,-4.491684259095852,,,,2026-09-04T14:17:49.053000Z,,,,,,,,,,,,,,FULL,2,0.88,0,
2026-09-04T15:18:24.932548Z,2026-09-04T14:18:24.932548Z,Bitget USDT Futures,BTCUSDT,PARTIAL,,,PARTIAL_MAX_PAGES,60000,,89197600.55493,90994632.21383,0.4950135706981163,,-1797031.6588999927,79229.9,79255.598,79229.9,-3.2424208066672566,,,,2026-09-04T15:18:41.062000Z,,,,,,,,,,,,,,FULL,23,1.0661,0,
2026-09-04T15:18:24.932548Z,2026-09-04T14:18:24.932548Z,Bitget USDT Futures,ETHUSDT,OK,,,FULL,33942,,85313205.2432,71946730.3014,0.5424980300783895,,13366474.941799998,2450.38,2451.441,2450.62,-3.3490506196143244,,,,2026-09-04T15:18:50.144000Z,,,,,,,,,,,,,,FULL,0,0,0,
2026-09-04T16:18:49.891359Z,2026-09-04T15:18:49.891359Z,Bitget USDT Futures,BTCUSDT,OK,,,FULL,42717,,48839708.4081,59785851.87252,0.4496152496882775,,-10946143.464419998,79430.1,79470.392,79430.1,-5.070064332890478,,,,2026-09-04T16:19:03.511000Z,,,,,,,,,,,,,,FULL,2,0,0.0335,
2026-09-04T16:18:49.891359Z,2026-09-04T15:18:49.891359Z,Bitget USDT Futures,ETHUSDT,OK,,,FULL,12955,,24927132.9865,37317860.5617,0.40046807888569286,,-12390727.575200003,2450.45,2451.5335,2450.45,-4.4196826190634475,,,,2026-09-04T16:19:07.831000Z,,,,,,,,,,,,,,FULL,0,0,0,
2026-09-04T17:16:11.509688Z,2026-09-04T16:16:11.509688Z,Bitget USDT Futures,BTCUSDT,OK,,,FULL,45436,,61249825.36351,70977271.5083,0.46321689587490356,,-9727446.144790009,79482.3,79529.2555,79484.9,-5.577255781050727,,,,2026-09-04T17:16:23.898000Z,,,,,,,,,,,,,,FULL,3,0,0.1379,
2026-09-04T17:16:11.509688Z,2026-09-04T16:16:11.509688Z,Bitget USDT Futures,ETHUSDT,OK,,,FULL,14672,,34828878.7753,29383684.2385,0.5423997601188242,,5445194.536800005,2448.49,2449.892,2448.7,-4.8655206025405295,,,,2026-09-04T17:16:28.131000Z,,,,,,,,,,,,,,FULL,0,0,0,
2026-09-04T18:19:35.307830Z,2026-09-04T17:19:35.307830Z,Bitget USDT Futures,BTCUSDT,OK,,,FULL,23871,,24555661.29207,24810097.43169,0.4974229491635714,,-254436.13961999863,79510.7,79557.049,79510.7,-5.825882254631987,,,,2026-09-04T18:19:42.094000Z,,,,,,,,,,,,,,FULL,3,0.0346,0,
2026-09-04T18:19:35.307830Z,2026-09-04T17:19:35.307830Z,Bitget USDT Futures,ETHUSDT,OK,,,FULL,9652,,11727229.4909,14383658.9617,0.4491317678519,,-2656429.4707999993,2446.97,2447.6515,2446.53,-4.581943140188338,,,,2026-09-04T18:19:45.324000Z,,,,,,,,,,,,,,FULL,3,0.96,0,
2026-09-04T19:13:58.690826Z,2026-09-04T18:13:58.690826Z,Bitget USDT Futures,BTCUSDT,OK,,,FULL,13958,,11913800.50192,12667376.11007,0.4846716937100882,,-753575.6081499998,79649.4,79695.982,79653.9,-5.280316390355866,,,,2026-09-04T19:14:02.492000Z,,,,,,,,,,,,,,FULL,0,0,0,
2026-09-04T19:13:58.690826Z,2026-09-04T18:13:58.690826Z,Bitget USDT Futures,ETHUSDT,OK,,,FULL,5330,,7971954.3295,5406397.4084,0.5958846415224659,,2565556.9211,2452.29,2453.3255,2452.33,-4.05775752137294,,,,2026-09-04T19:14:04.261000Z,,,,,,,,,,,,,,FULL,0,0,0,
2026-09-04T20:17:16.674308Z,2026-09-04T19:17:16.674308Z,Bitget USDT Futures,BTCUSDT,OK,,,FULL,18096,,16788318.95172,17042401.66252,0.4962447931024406,,-254082.71079999954,79784.2,79821.8655,79784.2,-4.718694528631495,,,,2026-09-04T20:17:21.656000Z,,,,,,,,,,,,,,FULL,1,0,0.0866,
2026-09-04T20:17:16.674308Z,2026-09-04T19:17:16.674308Z,Bitget USDT Futures,ETHUSDT,OK,,,FULL,6635,,9223841.0703,8292297.6271,0.5265910044243448,,931543.4431999996,2453.09,2454.284,2453.12,-4.742727410520509,,,,2026-09-04T20:17:23.756000Z,,,,,,,,,,,,,,FULL,0,0,0,
2026-09-04T21:16:30.376750Z,2026-09-04T20:16:30.376750Z,Bitget USDT Futures,BTCUSDT,OK,,,FULL,11800,,12775191.37831,29930141.83664,0.2991474463858707,,-17154950.458329998,79748.3,79787.274,79748.3,-4.884738887056539,,,,2026-09-04T21:16:33.779000Z,,,,,,,,,,,,,,FULL,0,0,0,
2026-09-04T21:16:30.376750Z,2026-09-04T20:16:30.376750Z,Bitget USDT Futures,ETHUSDT,OK,,,FULL,5246,,6457872.1398,9558063.9193,0.4032154047050369,,-3100191.7794999992,2452.8,2453.76,2452.8,-3.9123630672932563,,,,2026-09-04T21:16:35.635000Z,,,,,,,,,,,,,,FULL,0,0,0,
2026-09-04T22:17:18.402038Z,2026-09-04T21:17:18.402038Z,Bitget USDT Futures,BTCUSDT,OK,,,FULL,13934,,17905356.508870002,22079421.55667,0.44780432392349173,,-4174065.047799997,79637.7,79675.271,79638.8,-4.577455406457043,,,,2026-09-04T22:17:22.868000Z,,,,,,,,,,,,,,FULL,0,0,0,
2026-09-04T22:17:18.402038Z,2026-09-04T21:17:18.402038Z,Bitget USDT Futures,ETHUSDT,OK,,,FULL,4528,,10203852.5978,7888025.4088,0.5640018462471164,,2315827.1889999993,2451.11,2452.1595,2451.17,-4.03521875310342,,,,2026-09-04T22:17:24.662000Z,,,,,,,,,,,,,,FULL,0,0,0,
2026-09-04T22:21:22.063743Z,2026-09-04T21:21:22.063743Z,Bitget USDT Futures,BTCUSDT,OK,,,FULL,14132,,17686617.18874,21886524.8018,0.4469348729744028,,-4199907.613060001,79650.7,79687.33,79651.0,-4.5590685495422445,,,,2026-09-04T22:21:26.739000Z,,,,,,,,,,,,,,FULL,0,0,0,
2026-09-04T22:21:22.063743Z,2026-09-04T21:21:22.063743Z,Bitget USDT Futures,ETHUSDT,OK,,,FULL,4484,,9747211.9226,7820118.7291,0.5548487767352838,,1927093.1934999991,2451.23,2452.374,2451.29,-4.420206705828544,,,,2026-09-04T22:21:28.491000Z,,,,,,,,,,,,,,FULL,0,0,0,
2026-09-04T23:15:21.126588Z,2026-09-04T22:15:21.126588Z,Bitget USDT Futures,BTCUSDT,OK,,,FULL,7633,,12304745.98824,10425527.70685,0.5413373439008773,,1879218.2813900001,79581.8,79616.6185,79581.8,-4.373270387010297,,,,2026-09-04T23:15:23.633000Z,,,,,,,,,,,,,,FULL,0,0,0,
2026-09-04T23:15:21.126588Z,2026-09-04T22:15:21.126588Z,Bitget USDT Futures,ETHUSDT,OK,,,FULL,2301,,1946023.6568,3444179.5516,0.3610297388728036,,-1498155.8948,2449.84,2450.9685,2449.96,-4.114699964523627,,,,2026-09-04T23:15:24.754000Z,,,,,,,,,,,,,,FULL,0,0,0,
2026-09-05T00:27:52.929811Z,2026-09-04T23:27:52.929811Z,Bitget USDT Futures,BTCUSDT,OK,,,FULL,6709,,7031617.4474,9574820.3384,0.4234271996257178,,-2543202.8910000008,79604.9,79647.411,79604.9,-5.337398851545938,,,,2026-09-05T00:27:54.814000Z,,,,,,,,,,,,,,FULL,0,0,0,
2026-09-05T00:27:52.929811Z,2026-09-04T23:27:52.929811Z,Bitget USDT Futures,ETHUSDT,OK,,,FULL,2525,,3093816.6611,3401486.9593,0.476315941780328,,-307670.2982000001,2451.75,2452.9095,2451.75,-4.727039460690197,,,,2026-09-05T00:27:55.729000Z,,,,,,,,,,,,,,FULL,0,0,0,
2026-09-05T00:30:22.546371Z,2026-09-04T23:30:22.546371Z,Bitget USDT Futures,BTCUSDT,OK,,,FULL,6572,,6854375.9697900005,9448301.70159,0.4204447948954502,,-2593925.7317999993,79619.9,79655.069,79619.9,-4.415161576222237,,,,2026-09-05T00:30:24.459000Z,,,,,,,,,,,,,,FULL,0,0,0,
2026-09-05T00:30:22.546371Z,2026-09-04T23:30:22.546371Z,Bitget USDT Futures,ETHUSDT,OK,,,FULL,2447,,2954913.0394,3248485.3085,0.47633778675527255,,-293572.2690999997,2452.5,2453.275,2452.5,-3.159042504408127,,,,2026-09-05T00:30:25.431000Z,,,,,,,,,,,,,,FULL,0,0,0,
2026-09-05T01:15:42.149840Z,2026-09-05T00:15:42.149840Z,Bitget USDT Futures,BTCUSDT,OK,,,FULL,10300,,11496039.40832,12127976.28193,0.486625117382757,,-631936.8736099992,79595.9,79634.3615,79595.9,-4.829761835913882,,,,2026-09-05T01:15:45.731000Z,,,,,,,,,,,,,,FULL,0,0,0,
2026-09-05T01:15:42.149840Z,2026-09-05T00:15:42.149840Z,Bitget USDT Futures,ETHUSDT,OK,,,FULL,3339,,8259297.6601,10194654.7172,0.44756253247188765,,-1935357.0570999999,2453.24,2454.1035,2453.25,-3.477848428153907,,,,2026-09-05T01:15:47.164000Z,,,,,,,,,,,,,,FULL,0,0,0,
2026-09-05T02:17:11.299054Z,2026-09-05T01:17:11.299054Z,Bitget USDT Futures,BTCUSDT,OK,,,FULL,13639,,17291168.49386,16371261.98053,0.51366369718951,,919906.5133299995,79538.9,79574.9855,79538.9,-4.534779337157513,,,,2026-09-05T02:17:15.210000Z,,,,,,,,,,,,,,FULL,0,0,0,
2026-09-05T02:17:11.299054Z,2026-09-05T01:17:11.299054Z,Bitget USDT Futures,ETHUSDT,OK,,,FULL,3739,,8204139.987,8358211.1906,0.49534875205978074,,-154071.2036000006,2451.56,2452.318,2451.56,-3.0909531308753735,,,,2026-09-05T02:17:16.502000Z,,,,,,,,,,,,,,FULL,0,0,0,
2026-09-05T03:17:02.044735Z,2026-09-05T02:17:02.044735Z,Bitget USDT Futures,BTCUSDT,OK,,,FULL,8166,,8328361.48367,14057711.33075,0.37203316332935726,,-5729349.84708,79558.0,79591.049,79558.0,-4.152351352977313,,,,2026-09-05T03:17:05.182000Z,,,,,,,,,,,,,,FULL,0,0,0,
2026-09-05T03:17:02.044735Z,2026-09-05T02:17:02.044735Z,Bitget USDT Futures,ETHUSDT,OK,,,FULL,2710,,5812232.008,5439249.068,0.5165748374583143,,372982.9400000004,2451.75,2452.846,2451.87,-3.9790512735005112,,,,2026-09-05T03:17:06.427000Z,,,,,,,,,,,,,,FULL,0,0,0,
2026-09-05T04:17:15.699559Z,2026-09-05T03:17:15.699559Z,Bitget USDT Futures,BTCUSDT,OK,,,FULL,7458,,9738515.65046,8561352.05571,0.5321631722603412,,1177163.5947499983,79541.1,79574.459,79541.1,-4.19217427541585,,,,2026-09-05T04:17:17.763000Z,,,,,,,,,,,,,,FULL,0,0,0,
2026-09-05T04:17:15.699559Z,2026-09-05T03:17:15.699559Z,Bitget USDT Futures,ETHUSDT,OK,,,FULL,3434,,10425050.6892,8551470.4485,0.5493657458894777,,1873580.240700001,2451.6,2452.527,2451.6,-3.779774901561117,,,,2026-09-05T04:17:18.943000Z,,,,,,,,,,,,,,FULL,0,0,0,
2026-09-05T05:15:46.916799Z,2026-09-05T04:15:46.916799Z,Bitget USDT Futures,BTCUSDT,OK,,,FULL,8748,,13477848.470590001,10826175.76705,0.5545521325524626,,2651672.703540001,79525.3,79561.977,79525.7,-4.559590066496311,,,,2026-09-05T05:15:49.908000Z,,,,,,,,,,,,,,FULL,0,0,0,
2026-09-05T05:15:46.916799Z,2026-09-05T04:15:46.916799Z,Bitget USDT Futures,ETHUSDT,OK,,,FULL,4733,,12765149.8316,10366441.1404,0.551849193903341,,2398708.6911999993,2449.49,2450.1795,2449.49,-2.8140795398878815,,,,2026-09-05T05:15:51.755000Z,,,,,,,,,,,,,,FULL,0,0,0,
2026-09-05T06:21:15.366593Z,2026-09-05T05:21:15.366593Z,Bitget USDT Futures,BTCUSDT,OK,,,FULL,7985,,15481852.35075,19278012.8429,0.4453944877087226,,-3796160.492150001,79588.5,79624.9225,79588.5,-4.574258769294293,,,,2026-09-05T06:21:17.971000Z,,,,,,,,,,,,,,FULL,0,0,0,
2026-09-05T06:21:15.366593Z,2026-09-05T05:21:15.366593Z,Bitget USDT Futures,ETHUSDT,OK,,,FULL,3126,,10352725.054299999,4456488.1646,0.6990732661670044,,5896236.889699999,2450.93,2451.855,2450.95,-3.6910828739877832,,,,2026-09-05T06:21:19.579000Z,,,,,,,,,,,,,,FULL,0,0,0,
2026-09-05T07:15:38.206420Z,2026-09-05T06:15:38.206420Z,Bitget USDT Futures,BTCUSDT,OK,,,FULL,8975,,9852334.02591,11063118.61053,0.471055262210522,,-1210784.5846200008,79644.3,79687.744,79644.3,-5.451779385297062,,,,2026-09-05T07:15:40.571000Z,,,,,,,,,,,,,,FULL,0,0,0,
2026-09-05T07:15:38.206420Z,2026-09-05T06:15:38.206420Z,Bitget USDT Futures,ETHUSDT,OK,,,FULL,4004,,8293066.4149,14986822.9104,0.3562330687666673,,-6693756.495499999,2453.74,2455.052,2453.74,-5.344082324938437,,,,2026-09-05T07:15:42.036000Z,,,,,,,,,,,,,,FULL,0,0,0,
2026-09-05T08:17:56.054509Z,2026-09-05T07:17:56.054509Z,Bitget USDT Futures,BTCUSDT,OK,,,FULL,8542,,11337608.611709999,12119346.92431,0.4833367482110033,,-781738.3126000017,79665.9,79704.452,79665.9,-4.836869087313511,,,,2026-09-05T08:17:58.366000Z,,,,,,,,,,,,,,FULL,0,0,0,
2026-09-05T08:17:56.054509Z,2026-09-05T07:17:56.054509Z,Bitget USDT Futures,ETHUSDT,OK,,,FULL,5548,,11550597.2217,10363386.6275,0.5270879681752467,,1187210.5942000002,2455.67,2456.802,2455.67,-4.607615916952801,,,,2026-09-05T08:18:00.054000Z,,,,,,,,,,,,,,FULL,0,0,0,
2026-09-05T09:16:02.774261Z,2026-09-05T08:16:02.774261Z,Bitget USDT Futures,BTCUSDT,OK,,,FULL,9553,,14147449.97338,12069654.402590001,0.5396267173710927,,2077795.5707899984,79657.2,79694.971,79657.2,-4.739445855374003,,,,2026-09-05T09:16:05.968000Z,,,,,,,,,,,,,,FULL,0,0,0,
2026-09-05T09:16:02.774261Z,2026-09-05T08:16:02.774261Z,Bitget USDT Futures,ETHUSDT,OK,,,FULL,4984,,14601956.9832,16680097.5314,0.4667838225390521,,-2078140.5482,2456.5,2457.922,2456.63,-5.256472744049612,,,,2026-09-05T09:16:07.810000Z,,,,,,,,,,,,,,FULL,0,0,0,
2026-09-05T10:16:31.847409Z,2026-09-05T09:16:31.847409Z,Bitget USDT Futures,BTCUSDT,OK,,,FULL,6837,,6479717.181220001,6532685.51232,0.4979646982825741,,-52968.33109999914,79589.3,79623.85,79589.3,-4.339152151020542,,,,2026-09-05T10:16:33.725000Z,,,,,,,,,,,,,,FULL,1,0.1029,0,
2026-09-05T10:16:31.847409Z,2026-09-05T09:16:31.847409Z,Bitget USDT Futures,ETHUSDT,OK,,,FULL,2735,,4020736.2576,4055487.0622,0.49784857332295385,,-34750.804599999916,2456.49,2457.698,2456.49,-4.9151685845860715,,,,2026-09-05T10:16:34.648000Z,,,,,,,,,,,,,,FULL,0,0,0,
2026-09-05T11:15:56.002801Z,2026-09-05T10:15:56.002801Z,Bitget USDT Futures,BTCUSDT,OK,,,FULL,9024,,12364938.33808,11459627.86972,0.5189995163073233,,905310.4683599994,79594.7,79630.506,79594.7,-4.496517955066004,,,,2026-09-05T11:15:59.547000Z,,,,,,,,,,,,,,FULL,0,0,0,
2026-09-05T11:15:56.002801Z,2026-09-05T10:15:56.002801Z,Bitget USDT Futures,ETHUSDT,OK,,,FULL,3735,,14253224.6459,11465814.6006,0.5541896222985726,,2787410.0452999994,2452.6,2453.719,2452.64,-4.397406548998228,,,,2026-09-05T11:16:01.022000Z,,,,,,,,,,,,,,FULL,0,0,0,
2026-09-05T12:20:58.221530Z,2026-09-05T11:20:58.221530Z,Bitget USDT Futures,BTCUSDT,OK,,,FULL,5110,,5190009.28919,3891295.27662,0.5715048153686806,,1298714.0125699998,79618.9,79654.4415,79619.0,-4.449406628505015,,,,2026-09-05T12:21:00.276000Z,,,,,,,,,,,,,,FULL,0,0,0,
2026-09-05T12:20:58.221530Z,2026-09-05T11:20:58.221530Z,Bitget USDT Futures,ETHUSDT,OK,,,FULL,2052,,4316327.7936,3589637.3118,0.5459583663798143,,726690.4818000006,2453.6,2454.8535,2453.6,-5.106211022369855,,,,2026-09-05T12:21:01.504000Z,,,,,,,,,,,,,,FULL,0,0,0,
2026-09-05T13:15:46.376106Z,2026-09-05T12:15:46.376106Z,Bitget USDT Futures,BTCUSDT,OK,,,FULL,12164,,18344902.24791,19481092.69086,0.484981354161481,,-1136190.4429499991,79681.6,79721.6005,79681.6,-5.0175234502469745,,,,2026-09-05T13:15:50.537000Z,,,,,,,,,,,,,,FULL,0,0,0,
2026-09-05T13:15:46.376106Z,2026-09-05T12:15:46.376106Z,Bitget USDT Futures,ETHUSDT,OK,,,FULL,6273,,23236664.803,13172219.987,0.6382141319907206,,10064444.816,2458.47,2459.538,2458.47,-4.342278915797637,,,,2026-09-05T13:15:53.055000Z,,,,,,,,,,,,,,FULL,1,0,3.8,
2026-09-05T14:16:19.167287Z,2026-09-05T13:16:19.167287Z,Bitget USDT Futures,BTCUSDT,OK,,,FULL,11613,,12677868.27047,21594928.66905,0.36991052387239326,,-8917060.39858,79631.9,79675.569,79632.1,-5.455750181087016,,,,2026-09-05T14:16:22.496000Z,,,,,,,,,,,,,,FULL,1,0,0.0086,
2026-09-05T14:16:19.167287Z,2026-09-05T13:16:19.167287Z,Bitget USDT Futures,ETHUSDT,OK,,,FULL,7477,,18139896.4081,25447188.6427,0.4161759472320359,,-7307292.2346,2454.06,2455.411,2454.06,-5.502133858650282,,,,2026-09-05T14:16:24.760000Z,,,,,,,,,,,,,,FULL,1,0,0.41,
2026-09-05T15:16:42.720377Z,2026-09-05T14:16:42.720377Z,Bitget USDT Futures,BTCUSDT,OK,,,FULL,7514,,8474494.28703,14255820.48882,0.3728278455709638,,-5781326.201789999,79651.9,79700.0135,79652.6,-5.948995228212128,,,,2026-09-05T15:16:45.183000Z,,,,,,,,,,,,,,FULL,0,0,0,
2026-09-05T15:16:42.720377Z,2026-09-05T14:16:42.720377Z,Bitget USDT Futures,ETHUSDT,OK,,,FULL,3675,,9240942.7987,9770416.6748,0.48607480236124,,-529473.8761,2456.03,2457.2355,2456.03,-4.905919680875392,,,,2026-09-05T15:16:46.666000Z,,,,,,,,,,,,,,FULL,0,0,0,
2026-09-05T16:17:06.819321Z,2026-09-05T15:17:06.819321Z,Bitget USDT Futures,BTCUSDT,OK,,,FULL,10305,,15938595.42092,14495884.761119999,0.5237019106482287,,1442710.6598000005,79758.4,79804.8905,79758.6,-5.800459058331597,,,,2026-09-05T16:17:10.661000Z,,,,,,,,,,,,,,FULL,0,0,0,
2026-09-05T16:17:06.819321Z,2026-09-05T15:17:06.819321Z,Bitget USDT Futures,ETHUSDT,OK,,,FULL,3315,,7227284.4473,5087740.4640999995,0.5868672210812756,,2139543.9832000006,2459.18,2460.193,2459.18,-4.1175631342760255,,,,2026-09-05T16:17:12.259000Z,,,,,,,,,,,,,,FULL,0,0,0,
2026-09-05T17:15:23.139837Z,2026-09-05T16:15:23.139837Z,Bitget USDT Futures,BTCUSDT,OK,,,FULL,36520,,89458300.46201,53761780.3794,0.6246212118890555,,35696520.082609996,80024.8,80080.949,80043.3,-4.701367862159911,,,,2026-09-05T17:15:35.663000Z,,,,,,,,,,,,,,FULL,4,0,0.1278,
2026-09-05T17:15:23.139837Z,2026-09-05T16:15:23.139837Z,Bitget USDT Futures,ETHUSDT,OK,,,FULL,21567,,72272488.9468,60049988.4559,0.5461845210685672,,12222500.490899995,2477.58,2478.8185,2477.63,-4.794622922169589,,,,2026-09-05T17:15:43.369000Z,,,,,,,,,,,,,,FULL,1,0,0.06,
2026-09-05T18:19:22.405443Z,2026-09-05T17:19:22.405443Z,Bitget USDT Futures,BTCUSDT,OK,,,FULL,20529,,16627534.70175,17886508.82564,0.4817614223773738,,-1258974.1238900013,79981.7,80021.6885,79988.8,-4.109948267337904,,,,2026-09-05T18:19:27.946000Z,,,,,,,,,,,,,,FULL,0,0,0,
2026-09-05T18:19:22.405443Z,2026-09-05T17:19:22.405443Z,Bitget USDT Futures,ETHUSDT,OK,,,FULL,11384,,21277452.4142,20698266.4489,0.5068990595156805,,579185.9653000012,2478.11,2478.944,2478.0,-3.8080731150036407,,,,2026-09-05T18:19:31.442000Z,,,,,,,,,,,,,,FULL,1,0,97.11,
2026-09-05T19:14:59.003830Z,2026-09-05T18:14:59.003830Z,Bitget USDT Futures,BTCUSDT,OK,,,FULL,10888,,10852347.82346,15622759.21061,0.40990760904174806,,-4770411.387150001,79902.8,79938.977,79903.2,-4.475538885118091,,,,2026-09-05T19:15:02.756000Z,,,,,,,,,,,,,,FULL,0,0,0,
2026-09-05T19:14:59.003830Z,2026-09-05T18:14:59.003830Z,Bitget USDT Futures,ETHUSDT,OK,,,FULL,4510,,7313947.2745,11240403.0036,0.39419042784444847,,-3926455.729099999,2476.96,2478.1425,2476.97,-4.731366335875009,,,,2026-09-05T19:15:04.694000Z,,,,,,,,,,,,,,FULL,0,0,0,
2026-09-05T20:17:22.925451Z,2026-09-05T19:17:22.925451Z,Bitget USDT Futures,BTCUSDT,OK,,,FULL,18348,,21976992.14971,35460555.4778,0.38262413799825973,,-13483563.328089997,79693.5,79733.3275,79694.3,-4.89475370258452,,,,2026-09-05T20:17:27.994000Z,,,,,,,,,,,,,,FULL,1,0.0014,0,
2026-09-05T20:17:22.925451Z,2026-09-05T19:17:22.925451Z,Bitget USDT Futures,ETHUSDT,OK,,,FULL,7987,,21434744.5012,22503847.1567,0.48783412695809764,,-1069102.6554999985,2476.38,2477.701,2476.38,-5.331555341019367,,,,2026-09-05T20:17:30.284000Z,,,,,,,,,,,,,,FULL,0,0,0,
2026-09-05T21:15:41.781113Z,2026-09-05T20:15:41.781113Z,Bitget USDT Futures,BTCUSDT,OK,,,FULL,13621,,32840412.82032,19947115.15072,0.6221244692181215,,12893297.669599999,79751.3,79786.006,79751.5,-4.3248185652999815,,,,2026-09-05T21:15:46.435000Z,,,,,,,,,,,,,,FULL,0,0,0,
2026-09-05T21:15:41.781113Z,2026-09-05T20:15:41.781113Z,Bitget USDT Futures,ETHUSDT,OK,,,FULL,4809,,13031666.7939,16713821.3734,0.43810566229758685,,-3682154.579500001,2475.93,2477.1475,2475.97,-4.753451298319389,,,,2026-09-05T21:15:48.329000Z,,,,,,,,,,,,,,FULL,0,0,0,
2026-09-05T22:16:16.773302Z,2026-09-05T21:16:16.773302Z,Bitget USDT Futures,BTCUSDT,OK,,,FULL,11879,,16418950.49096,8273144.25273,0.6649476547612803,,8145806.23823,79872.1,79912.998,79872.1,-5.117815752576638,,,,2026-09-05T22:16:20.600000Z,,,,,,,,,,,,,,FULL,0,0,0,
2026-09-05T22:16:16.773302Z,2026-09-05T21:16:16.773302Z,Bitget USDT Futures,ETHUSDT,OK,,,FULL,9399,,26639913.2587,12935647.7625,0.673140508214891,,13704265.496199999,2485.26,2486.351,2485.26,-4.387956487237332,,,,2026-09-05T22:16:23.985000Z,,,,,,,,,,,,,,FULL,2,0,8.36,
2026-09-05T23:15:18.494543Z,2026-09-05T22:15:18.494543Z,Bitget USDT Futures,BTCUSDT,OK,,,FULL,10434,,14239997.12875,14431032.03105,0.49666850287732517,,-191034.9023000002,79710.7,79749.9245,79711.5,-4.818123683614228,,,,2026-09-05T23:15:22.025000Z,,,,,,,,,,,,,,FULL,0,0,0,
2026-09-05T23:15:18.494543Z,2026-09-05T22:15:18.494543Z,Bitget USDT Futures,ETHUSDT,OK,,,FULL,5769,,16859257.4078,21502778.0782,0.43947765529680216,,-4643520.670400001,2477.28,2478.34,2477.28,-4.277056416794878,,,,2026-09-05T23:15:24.158000Z,,,,,,,,,,,,,,FULL,0,0,0,
2026-09-06T00:30:25.993668Z,2026-09-05T23:30:25.993668Z,Bitget USDT Futures,BTCUSDT,OK,,,FULL,9929,,12659409.77633,10483755.20173,0.5470042575564437,,2175654.5746,79876.3,79919.0435,79877.8,-5.1606598620013155,,,,2026-09-06T00:30:29.235000Z,,,,,,,,,,,,,,FULL,0,0,0,
2026-09-06T00:30:25.993668Z,2026-09-05T23:30:25.993668Z,Bitget USDT Futures,ETHUSDT,OK,,,FULL,5806,,12917689.9636,13422849.7398,0.49041098280657486,,-505159.7762000002,2485.1,2486.55,2485.17,-5.549858237317018,,,,2026-09-06T00:30:31.506000Z,,,,,,,,,,,,,,FULL,0,0,0,
2026-09-06T01:15:26.993934Z,2026-09-06T00:15:26.993934Z,Bitget USDT Futures,BTCUSDT,OK,,,FULL,11868,,16307212.93828,11226971.44465,0.592253349926347,,5080241.493629999,79912.4,79954.5555,79913.4,-5.147361490867031,,,,2026-09-06T01:15:30.104000Z,,,,,,,,,,,,,,FULL,0,0,0,
2026-09-06T01:15:26.993934Z,2026-09-06T00:15:26.993934Z,Bitget USDT Futures,ETHUSDT,OK,,,FULL,12183,,27188568.1109,27881179.9959,0.4937115030592043,,-692611.8850000016,2495.09,2496.3405,2495.09,-5.009332661147781,,,,2026-09-06T01:15:33.620000Z,,,,,,,,,,,,,,FULL,0,0,0,
2026-09-06T02:17:50.015194Z,2026-09-06T01:17:50.015194Z,Bitget USDT Futures,BTCUSDT,OK,,,FULL,16795,,20793254.32986,13366874.04417,0.6086995371383888,,7426380.285690002,79937.0,79970.475,79939.4,-3.885809106425331,,,,2026-09-06T02:17:54.578000Z,,,,,,,,,,,,,,FULL,1,0,0.01,
2026-09-06T02:17:50.015194Z,2026-09-06T01:17:50.015194Z,Bitget USDT Futures,ETHUSDT,OK,,,FULL,19299,,64847215.1336,54297954.4975,0.5442706182246534,,10549260.636099994,2503.01,2504.1415,2503.06,-4.318845400710369,,,,2026-09-06T02:18:00.216000Z,,,,,,,,,,,,,,FULL,4,0,18.38,
2026-09-06T03:17:49.309636Z,2026-09-06T02:17:49.309636Z,Bitget USDT Futures,BTCUSDT,OK,,,FULL,6564,,10305615.24426,12581809.18569,0.4502741352921428,,-2276193.9414300006,79920.0,79955.955,79920.0,-4.496850797417462,,,,2026-09-06T03:17:51.430000Z,,,,,,,,,,,,,,FULL,0,0,0,
2026-09-06T03:17:49.309636Z,2026-09-06T02:17:49.309636Z,Bitget USDT Futures,ETHUSDT,OK,,,FULL,6042,,7237216.8557,7935064.2352,0.4770025556698078,,-697847.3794999998,2504.54,2505.4365,2504.54,-3.578218805385669,,,,2026-09-06T03:17:53.770000Z,,,,,,,,,,,,,,FULL,0,0,0,
2026-09-06T04:18:02.275621Z,2026-09-06T03:18:02.275621Z,Bitget USDT Futures,BTCUSDT,OK,,,FULL,11998,,17150283.11287,11472002.58705,0.599193345097451,,5678280.52582,79925.0,79957.147,79925.0,-4.020528646425658,,,,2026-09-06T04:18:06.308000Z,,,,,,,,,,,,,,FULL,1,0,0.1453,
2026-09-06T04:18:02.275621Z,2026-09-06T03:18:02.275621Z,Bitget USDT Futures,ETHUSDT,OK,,,FULL,10687,,19179475.0902,22724175.6125,0.45770415628641625,,-3544700.5223000012,2505.45,2506.5645,2505.45,-4.446324840234883,,,,2026-09-06T04:18:10.194000Z,,,,,,,,,,,,,,FULL,2,0,0.59,
2026-09-06T05:15:58.416166Z,2026-09-06T04:15:58.416166Z,Bitget USDT Futures,BTCUSDT,OK,,,FULL,10057,,9831382.71336,21732946.83723,0.3114712985619627,,-11901564.12387,79777.7,79807.9885,79777.7,-3.795171457053881,,,,2026-09-06T05:16:02.084000Z,,,,,,,,,,,,,,FULL,0,0,0,
2026-09-06T05:15:58.416166Z,2026-09-06T04:15:58.416166Z,Bitget USDT Futures,ETHUSDT,OK,,,FULL,7747,,11794267.853600001,16681940.2128,0.41417971894637334,,-4887672.359199999,2501.17,2502.165,2501.17,-3.976556302242029,,,,2026-09-06T05:16:04.891000Z,,,,,,,,,,,,,,FULL,2,4.54,0,
2026-09-06T06:21:42.989998Z,2026-09-06T05:21:42.989998Z,Bitget USDT Futures,BTCUSDT,OK,,,FULL,15696,,21811702.95635,20075403.35563,0.5207259435372289,,1736299.6007199995,79866.1,79905.249,79866.1,-4.899427821066782,,,,2026-09-06T06:21:47.153000Z,,,,,,,,,,,,,,FULL,2,0,1.4902,
2026-09-06T06:21:42.989998Z,2026-09-06T05:21:42.989998Z,Bitget USDT Futures,ETHUSDT,OK,,,FULL,18502,,51485374.1655,42606149.6302,0.5471839767128194,,8879224.535300002,2506.35,2507.589,2506.35,-4.9410010970696305,,,,2026-09-06T06:21:52.265000Z,,,,,,,,,,,,,,FULL,6,0,81.75,
2026-09-06T07:16:41.171358Z,2026-09-06T06:16:41.171358Z,Bitget USDT Futures,BTCUSDT,OK,,,FULL,21606,,36605990.09611,57409433.09485,0.38936154147556745,,-20803442.998740003,79748.5,79781.015,79748.5,-4.07553100195579,,,,2026-09-06T07:16:48.838000Z,,,,,,,,,,,,,,FULL,1,0.2293,0,
2026-09-06T07:16:41.171358Z,2026-09-06T06:16:41.171358Z,Bitget USDT Futures,ETHUSDT,OK,,,FULL,17511,,51440425.5982,60089768.2149,0.4612242105882359,,-8649342.616700001,2494.4,2495.8575,2494.62,-4.958215763520846,,,,2026-09-06T07:16:54.966000Z,,,,,,,,,,,,,,FULL,0,0,0,
2026-09-06T08:18:34.575979Z,2026-09-06T07:18:34.575979Z,Bitget USDT Futures,BTCUSDT,OK,,,FULL,14139,,37487535.15431,16518641.3894,0.6941342185920049,,20968893.764910005,79806.2,79842.183,79810.0,-4.030826662142495,,,,2026-09-06T08:18:39.514000Z,,,,,,,,,,,,,,FULL,0,0,0,
2026-09-06T08:18:34.575979Z,2026-09-06T07:18:34.575979Z,Bitget USDT Futures,ETHUSDT,OK,,,FULL,10052,,29917498.4372,31980971.0937,0.4833317958251786,,-2063472.6565000005,2497.39,2498.206,2497.39,-3.2663439284041917,,,,2026-09-06T08:18:43.331000Z,,,,,,,,,,,,,,FULL,0,0,0,
2026-09-06T09:17:25.867409Z,2026-09-06T08:17:25.867409Z,Bitget USDT Futures,BTCUSDT,OK,,,FULL,9816,,16301141.39392,17264320.13759,0.4856522344737343,,-963178.7436699979,79917.2,79950.5865,79921.1,-3.6880905182601342,,,,2026-09-06T09:17:28.632000Z,,,,,,,,,,,,,,FULL,0,0,0,
2026-09-06T09:17:25.867409Z,2026-09-06T08:17:25.867409Z,Bitget USDT Futures,ETHUSDT,OK,,,FULL,6881,,23231165.4467,25262568.8548,0.47905499094511717,,-2031403.4081000015,2500.08,2501.176,2500.3,-3.5023524933863737,,,,2026-09-06T09:17:30.703000Z,,,,,,,,,,,,,,FULL,0,0,0,
2026-09-06T10:17:18.364878Z,2026-09-06T09:17:18.364878Z,Bitget USDT Futures,BTCUSDT,OK,,,FULL,10884,,16249619.71977,15620696.6925,0.5098669090562883,,628923.0272699986,79920.0,79947.7765,79920.0,-3.474330521250346,,,,2026-09-06T10:17:21.246000Z,,,,,,,,,,,,,,FULL,0,0,0,
2026-09-06T10:17:18.364878Z,2026-09-06T09:17:18.364878Z,Bitget USDT Futures,ETHUSDT,OK,,,FULL,8377,,22715952.4317,20578867.0404,0.5246806132622539,,2137085.3913000003,2497.98,2498.7825,2497.98,-3.2115640316821015,,,,2026-09-06T10:17:23.735000Z,,,,,,,,,,,,,,FULL,0,0,0,
2026-09-06T11:16:03.280945Z,2026-09-06T10:16:03.280945Z,Bitget USDT Futures,BTCUSDT,OK,,,FULL,8836,,13397618.91233,13881224.95819,0.49113587716261997,,-483606.04585999995,79945.8,79980.278,79946.2,-4.260800393818265,,,,2026-09-06T11:16:05.664000Z,,,,,,,,,,,,,,FULL,0,0,0,
2026-09-06T11:16:03.280945Z,2026-09-06T10:16:03.280945Z,Bitget USDT Futures,ETHUSDT,OK,,,FULL,5497,,18214052.1012,13818064.2083,0.5686184429780596,,4395987.892899999,2501.52,2502.4055,2501.52,-3.538595163733449,,,,2026-09-06T11:16:07.344000Z,,,,,,,,,,,,,,FULL,0,0,0,
2026-09-06T12:21:28.699785Z,2026-09-06T11:21:28.699785Z,Bitget USDT Futures,BTCUSDT,OK,,,FULL,9836,,11114289.23033,12605987.58845,0.4685564723903437,,-1491698.35812,79943.7,79977.357,79943.7,-4.208316111272703,,,,2026-09-06T12:21:31.316000Z,,,,,,,,,,,,,,FULL,0,0,0,
2026-09-06T12:21:28.699785Z,2026-09-06T11:21:28.699785Z,Bitget USDT Futures,ETHUSDT,OK,,,FULL,5859,,16083107.1824,12394203.1954,0.5647691783047698,,3688903.9869999997,2502.97,2504.0675,2503.22,-3.3844934291915596,,,,2026-09-06T12:21:33.041000Z,,,,,,,,,,,,,,FULL,0,0,0,
2026-09-06T13:16:36.238899Z,2026-09-06T12:16:36.238899Z,Bitget USDT Futures,BTCUSDT,OK,,,FULL,12124,,11612537.470660001,16200361.46143,0.4175234483472585,,-4587823.990769999,79850.0,79888.0025,79850.0,-4.7569721123019715,,,,2026-09-06T13:16:40.529000Z,,,,,,,,,,,,,,FULL,0,0,0,
2026-09-06T13:16:36.238899Z,2026-09-06T12:16:36.238899Z,Bitget USDT Futures,ETHUSDT,OK,,,FULL,7517,,18788349.0832,24402966.4528,0.4350029363551081,,-5614617.369599998,2495.68,2496.6385,2495.68,-3.8391621374112006,,,,2026-09-06T13:16:43.462000Z,,,,,,,,,,,,,,FULL,0,0,0,
2026-09-06T14:16:50.270887Z,2026-09-06T13:16:50.270887Z,Bitget USDT Futures,BTCUSDT,OK,,,FULL,17050,,22833750.91898,31674017.7946,0.41890819341667945,,-8840266.87562,79668.7,79704.5205,79668.7,-4.49416165799521,,,,2026-09-06T14:16:56.876000Z,,,,,,,,,,,,,,FULL,0,0,0,
2026-09-06T14:16:50.270887Z,2026-09-06T13:16:50.270887Z,Bitget USDT Futures,ETHUSDT,OK,,,FULL,14731,,23376599.2687,27242759.1002,0.4618114496501073,,-3866159.8315000013,2484.34,2486.1655,2484.77,-5.613061560061361,,,,2026-09-06T14:17:02.338000Z,,,,,,,,,,,,,,FULL,2,49.2,0,
2026-09-06T15:16:44.949838Z,2026-09-06T14:16:44.949838Z,Bitget USDT Futures,BTCUSDT,OK,,,FULL,55676,,90845624.28364,112987574.63594,0.4456861039573935,,-22141950.352300003,79583.9,79617.8075,79585.8,-4.020143358003381,,,,2026-09-06T15:17:04.073000Z,,,,,,,,,,,,,,FULL,19,4.0223,0.0225,
2026-09-06T15:16:44.949838Z,2026-09-06T14:16:44.949838Z,Bitget USDT Futures,ETHUSDT,OK,,,FULL,37007,,77453083.3433,103890408.9508,0.42710704621088813,,-26437325.6075,2478.35,2479.6435,2478.43,-4.893848652035571,,,,2026-09-06T15:17:17.600000Z,,,,,,,,,,,,,,FULL,8,106.41,0,
2026-09-06T16:18:14.055435Z,2026-09-06T15:18:14.055435Z,Bitget USDT Futures,BTCUSDT,OK,,,FULL,14314,,28827293.434,15145516.34446,0.655570876167231,,13681777.089540001,79664.7,79704.0685,79667.9,-4.5378486544889185,,,,2026-09-06T16:18:19.184000Z,,,,,,,,,,,,,,FULL,1,0,0.0597,
2026-09-06T16:18:14.055435Z,2026-09-06T15:18:14.055435Z,Bitget USDT Futures,ETHUSDT,OK,,,FULL,8342,,22632801.4928,9246260.1972,0.7099582074556348,,13386541.2956,2481.24,2482.0945,2481.24,-3.442656997951765,,,,2026-09-06T16:18:22.478000Z,,,,,,,,,,,,,,FULL,0,0,0,
2026-09-06T17:15:09.141167Z,2026-09-06T16:15:09.141167Z,Bitget USDT Futures,BTCUSDT,OK,,,FULL,11977,,8024810.10846,12525068.06155,0.3905040235309626,,-4500257.953090001,79601.4,79635.01,79602.3,-4.10748990927412,,,,2026-09-06T17:15:13.245000Z,,,,,,,,,,,,,,FULL,0,0,0,
2026-09-06T17:15:09.141167Z,2026-09-06T16:15:09.141167Z,Bitget USDT Futures,ETHUSDT,OK,,,FULL,8242,,28862624.6967,18214677.8636,0.6130900269770272,,10647946.833099999,2484.69,2485.6205,2484.73,-3.5826064356969667,,,,2026-09-06T17:15:16.565000Z,,,,,,,,,,,,,,FULL,1,0,0.58,
2026-09-06T18:19:27.114058Z,2026-09-06T17:19:27.114058Z,Bitget USDT Futures,BTCUSDT,OK,,,FULL,13454,,19889027.94283,11160163.29771,0.6405650887570138,,8728864.64512,79830.0,79861.5935,79830.1,-3.943510092870861,,,,2026-09-06T18:19:31.041000Z,,,,,,,,,,,,,,FULL,1,0,0.0032,
2026-09-06T18:19:27.114058Z,2026-09-06T17:19:27.114058Z,Bitget USDT Futures,ETHUSDT,OK,,,FULL,9260,,17337719.6437,23476251.3846,0.4247986463183942,,-6138531.740899999,2493.31,2494.555,2493.57,-3.9486000509092456,,,,2026-09-06T18:19:33.769000Z,,,,,,,,,,,,,,FULL,1,0,0.1,
2026-09-06T19:15:15.361238Z,2026-09-06T18:15:15.361238Z,Bitget USDT Futures,BTCUSDT,OK,,,FULL,10453,,13013579.7551,15642832.26815,0.454124533962647,,-2629252.5130499993,79834.2,79867.6615,79834.2,-4.189618097182324,,,,2026-09-06T19:15:18.398000Z,,,,,,,,,,,,,,FULL,1,0,0.02,
2026-09-06T19:15:15.361238Z,2026-09-06T18:15:15.361238Z,Bitget USDT Futures,ETHUSDT,OK,,,FULL,7673,,13223807.298,14472635.0647,0.4774550870045705,,-1248827.7666999996,2490.81,2491.68,2490.81,-3.4916201117318746,,,,2026-09-06T19:15:20.735000Z,,,,,,,,,,,,,,FULL,1,0,0.13,
2026-09-06T20:17:35.684453Z,2026-09-06T19:17:35.684453Z,Bitget USDT Futures,BTCUSDT,OK,,,FULL,5184,,4564260.79132,10298289.96776,0.30709807928033817,,-5734029.1764400005,79781.9,79811.849,79781.9,-3.752450341052427,,,,2026-09-06T20:17:37.554000Z,,,,,,,,,,,,,,FULL,0,0,0,
2026-09-06T20:17:35.684453Z,2026-09-06T19:17:35.684453Z,Bitget USDT Futures,ETHUSDT,OK,,,FULL,4308,,6080669.364800001,6021544.8807,0.5024427134944328,,59124.48410000093,2490.76,2491.4695,2490.76,-2.8477169798779567,,,,2026-09-06T20:17:39.319000Z,,,,,,,,,,,,,,FULL,0,0,0,
2026-09-06T21:16:08.376930Z,2026-09-06T20:16:08.376930Z,Bitget USDT Futures,BTCUSDT,OK,,,FULL,10920,,19237264.508,11159196.4739,0.6328784301387949,,8078068.034100002,79973.2,80008.166,79973.2,-4.370303901228834,,,,2026-09-06T21:16:11.400000Z,,,,,,,,,,,,,,FULL,0,0,0,
2026-09-06T21:16:08.376930Z,2026-09-06T20:16:08.376930Z,Bitget USDT Futures,ETHUSDT,OK,,,FULL,11831,,36025530.3106,20444249.9033,0.6379612276538016,,15581280.4073,2511.24,2511.7955,2511.24,-2.2115653921683798,,,,2026-09-06T21:16:14.802000Z,,,,,,,,,,,,,,FULL,0,0,0,
2026-09-06T22:17:13.827021Z,2026-09-06T21:17:13.827021Z,Bitget USDT Futures,BTCUSDT,OK,,,FULL,18796,,13633243.89944,22164326.6758,0.380842713077006,,-8531082.77636,79678.0,79717.9405,79678.0,-5.010227277509882,,,,2026-09-06T22:17:20.035000Z,,,,,,,,,,,,,,FULL,1,0,0.0033,
2026-09-06T22:17:13.827021Z,2026-09-06T21:17:13.827021Z,Bitget USDT Futures,ETHUSDT,OK,,,FULL,12754,,21542002.2089,21779626.7632,0.49725743745170525,,-237624.55429999903,2496.0,2497.0325,2496.03,-4.014765526678676,,,,2026-09-06T22:17:24.637000Z,,,,,,,,,,,,,,FULL,0,0,0,
2026-09-06T23:16:09.403971Z,2026-09-06T22:16:09.403971Z,Bitget USDT Futures,BTCUSDT,OK,,,FULL,36063,,75504196.55424,39519086.30809,0.6564253312488922,,35985110.24615,80136.2,80177.3365,80145.7,-3.945815785487694,,,,2026-09-06T23:16:21.330000Z,,,,,,,,,,,,,,FULL,0,0,0,
2026-09-06T23:16:09.403971Z,2026-09-06T22:16:09.403971Z,Bitget USDT Futures,ETHUSDT,OK,,,FULL,15803,,28947645.774100002,32524822.1445,0.4709042398042585,,-3577176.3703999966,2508.5,2510.004,2508.96,-4.159355921344865,,,,2026-09-06T23:16:26.581000Z,,,,,,,,,,,,,,FULL,1,0.1,0,
2026-09-07T00:30:03.193259Z,2026-09-06T23:30:03.193259Z,Bitget USDT Futures,BTCUSDT,OK,,,FULL,48996,,65388965.42568,62794982.75687,0.5101182039779109,,2593982.668809995,80200.0,80240.697,80208.8,-3.975164871760084,,,,2026-09-07T00:30:17.248000Z,,,,,,,,,,,,,,FULL,6,0,1.2514,
2026-09-07T00:30:03.193259Z,2026-09-06T23:30:03.193259Z,Bitget USDT Futures,ETHUSDT,OK,,,FULL,23880,,73680739.8996,70302868.4883,0.5117300554178356,,3377871.4113000035,2517.15,2518.3415,2517.31,-4.095949655755771,,,,2026-09-07T00:30:24.248000Z,,,,,,,,,,,,,,FULL,2,0,2.0,
2026-09-07T01:16:55.336530Z,2026-09-07T00:16:55.336530Z,Bitget USDT Futures,BTCUSDT,OK,,,FULL,39666,,39900022.91183,66060752.25266,0.37655465288820816,,-26160729.34083,79914.2,79951.0025,79916.4,-4.32796324223772,,,,2026-09-07T01:17:08.398000Z,,,,,,,,,,,,,,FULL,2,0.0749,0,
2026-09-07T01:16:55.336530Z,2026-09-07T00:16:55.336530Z,Bitget USDT Futures,ETHUSDT,OK,,,FULL,18037,,55143697.3275,59077986.3865,0.4827778363482582,,-3934289.0590000004,2506.65,2507.3775,2506.5,-3.4996724665514733,,,,2026-09-07T01:17:15.032000Z,,,,,,,,,,,,,,FULL,0,0,0,
2026-09-07T02:04:48.954271Z,2026-09-07T01:04:48.954271Z,Bitget USDT Futures,BTCUSDT,OK,7,7,FULL,32905,74143889.59031999,28606401.41719,45537488.17313,0.3858227775107818,0.6141772224892184,-16931086.755939998,79856.6,79894.9415,79858.6,-4.548660943696214,16026.5348,1279787374.59272,1279787374.59272,2026-09-07T02:04:59.598000Z,0.4975,0.5025,0.99,2026-09-07T01:00:00Z,2026-09-07T02:04:59.936000Z,79856.5,79856.6,67695214.14453,94349745.94798,-0.1644884962064428,67695214.14453,94349745.94798,-0.1644884962064428,FULL,0,0.0,0.0,
2026-09-07T02:04:48.954271Z,2026-09-07T01:04:48.954271Z,Bitget USDT Futures,ETHUSDT,OK,7,7,FULL,15542,53975690.1126,25170955.7161,28804734.3965,0.46633874738035325,0.5336612526196468,-3633778.680399999,2501.5,2502.5505,2501.58,-3.878043619898186,555057.88,1386640491.5256,1386640491.5256,2026-09-07T02:05:06.383000Z,0.4972,0.5028,0.9888,2026-09-07T01:00:00Z,2026-09-07T02:05:06.722000Z,2501.47,2501.48,46889965.8438,57991103.7573,-0.10584501050305428,71171787.5376,84157827.8864,-0.08360311916920854,FULL,1,0.54,0,
2026-09-07T02:18:11.082755Z,2026-09-07T01:18:11.082755Z,Bitget USDT Futures,BTCUSDT,OK,7,7,FULL,24015,48909152.95601,21185398.96363,27723753.99238,0.43315816535781404,0.566841834642186,-6538355.028750002,79846.1,79882.553,79846.1,-4.5633243594500605,16080.8417,1284111249.25136,1284111249.25136,2026-09-07T02:18:18.933000Z,0.4977,0.5023,0.9908,2026-09-07T02:00:00Z,2026-09-07T02:18:19.271000Z,79846.0,79846.1,83299681.05794,97390804.88441,-0.07798486872721022,83299681.05794,97390804.88441,-0.07798486872721022,FULL,0,0.0,0.0,
2026-09-07T02:18:11.082755Z,2026-09-07T01:18:11.082755Z,Bitget USDT Futures,ETHUSDT,OK,7,7,FULL,12061,42406374.9731,21179003.4423,21227371.5308,0.49942970734316855,0.5005702926568315,-48368.08850000054,2501.75,2502.943,2501.87,-4.2869533984601915,550916.98,1376242858.2703,1376242858.2703,2026-09-07T02:18:24.733000Z,0.4976,0.5024,0.9904,2026-09-07T02:00:00Z,2026-09-07T02:18:25.112000Z,2502.26,2502.27,42083280.793,56303283.4721,-0.1445319570341391,66319870.7636,84720703.6768,-0.12182708508210086,FULL,0,0.0,0.0,
2026-09-07T03:19:47.493239Z,2026-09-07T02:19:47.493239Z,Bitget USDT Futures,BTCUSDT,OK,7,7,FULL,44824,123452392.11904001,59629723.38141,63822668.73763,0.4830179663421308,0.5169820336578691,-4192945.3562199995,79766.0,79802.8775,79766.0,-4.6210739706731285,17361.174,1386600089.11531,1386600089.11531,2026-09-07T03:20:01.678000Z,0.498,0.502,0.992,2026-09-07T03:00:00Z,2026-09-07T03:20:02.032000Z,79773.0,79773.1,85653275.75979,83969742.1463,0.009925148333477187,85653275.75979,94423561.76896,-0.04870302105216493,FULL,1,0,0.0183,
2026-09-07T03:19:47.493239Z,2026-09-07T02:19:47.493239Z,Bitget USDT Futures,ETHUSDT,OK,7,7,FULL,32109,132421486.9497,67299959.3961,65121527.5536,0.5082253714736169,0.49177462852638304,2178431.842500001,2508.44,2509.2525,2508.44,-3.238016102404817,598084.82,1495185636.3228,1495185636.3228,2026-09-07T03:20:13.676000Z,0.4972,0.5028,0.9888,2026-09-07T03:00:00Z,2026-09-07T03:20:14.011000Z,2508.27,2508.28,47170238.5393,48840314.376,-0.017394711164441804,72274161.9932,77980700.6975,-0.0379790617229269,FULL,6,0,18.57,
2026-09-07T04:18:43.830832Z,2026-09-07T03:18:43.830832Z,Bitget USDT Futures,BTCUSDT,OK,7,7,FULL,28952,81024604.92445001,41871958.75113,39152646.17332,0.516780782703881,0.483219217296119,2719312.577809997,79630.0,79661.62,79630.5,-3.906523618273372,18011.673,1438292346.7008,1438292346.7008,2026-09-07T04:18:52.703000Z,0.4977,0.5023,0.9908,2026-09-07T04:00:00Z,2026-09-07T04:18:53.047000Z,79630.0,79630.1,84516041.46475,99719202.68599,-0.08252037383683697,84516041.46475,99745613.30854,-0.08265187818120923,FULL,2,0.0089,0,
2026-09-07T04:18:43.830832Z,2026-09-07T03:18:43.830832Z,Bitget USDT Futures,ETHUSDT,OK,7,7,FULL,15245,54626247.6794,25332120.1234,29294127.556,0.46373531405769514,0.5362646859423049,-3962007.4326000027,2496.21,2497.3325,2496.21,-4.494795947275199,603250.06,1507952647.3243,1507952647.3243,2026-09-07T04:18:59.191000Z,0.4972,0.5028,0.9888,2026-09-07T04:00:00Z,2026-09-07T04:18:59.532000Z,2496.2,2496.21,52835472.7446,55863176.7803,-0.02785410903386094,76396511.0317,79559108.2468,-0.020278828231590367,FULL,0,0.0,0.0,
2026-09-07T05:17:28.930060Z,2026-09-07T04:17:28.930060Z,Bitget USDT Futures,BTCUSDT,OK,7,7,FULL,20087,66863856.37859,43758678.0892,23105178.28939,0.6544444257213327,0.34555557427866734,20653499.799809996,79813.2,79841.192,79813.2,-3.5059596805619986,18437.9108,1472197055.46252,1472197055.46252,2026-09-07T05:17:34.876000Z,0.4978,0.5022,0.9912,2026-09-07T05:00:00Z,2026-09-07T05:17:35.165000Z,79813.1,79813.2,41321447.11486,82193553.94528,-0.3309080393442995,46525525.41888,82193553.94528,-0.2770997796332224,FULL,0,0.0,0.0,
2026-09-07T05:17:28.930060Z,2026-09-07T04:17:28.930060Z,Bitget USDT Futures,ETHUSDT,OK,7,7,FULL,10576,54169409.5568,31774232.5506,22395177.0062,0.5865715135270717,0.4134284864729283,9379055.5444,2507.32,2508.1045,2507.32,-3.1278601031170528,613579.93,1533726245.0069,1533726245.0069,2026-09-07T05:17:39.515000Z,0.497,0.503,0.988,2026-09-07T05:00:00Z,2026-09-07T05:17:39.789000Z,2507.31,2507.32,31738239.9414,56480734.6536,-0.2804668136961358,57046185.4489,85569309.123,-0.20000017361171077,FULL,0,0.0,0.0,
2026-09-07T06:26:13.036749Z,2026-09-07T05:26:13.036749Z,Bitget USDT Futures,BTCUSDT,OK,7,7,FULL,14908,39836904.14808,12213456.17448,27623447.9736,0.3065864789362315,0.6934135210637686,-15409991.79912,79728.5,79762.7775,79728.5,-4.297430590352036,18404.0417,1469408235.52692,1469408235.52692,2026-09-07T06:26:18.586000Z,0.4981,0.5019,0.9924,2026-09-07T06:00:00Z,2026-09-07T06:26:18.949000Z,79729.5,79729.6,95834708.00377999,105389411.03651,-0.04748289160514067,95834708.00377999,105389411.03651,-0.04748289160514067,FULL,0,0.0,0.0,
2026-09-07T06:26:13.036749Z,2026-09-07T05:26:13.036749Z,Bitget USDT Futures,ETHUSDT,OK,7,7,FULL,10258,32744610.1894,14957675.4188,17786934.7706,0.45679809080891304,0.5432019091910869,-2829259.3517999984,2505.81,2506.7085,2505.84,-3.464702816462495,590039.48,1474489282.1003,1474489282.1003,2026-09-07T06:26:23.734000Z,0.4974,0.5026,0.9896,2026-09-07T06:00:00Z,2026-09-07T06:26:24.124000Z,2505.92,2505.93,42959167.0582,55139577.089999996,-0.12416479066642047,63753536.0598,86166195.22929999,-0.14949772772924866,FULL,0,0.0,0.0,
2026-09-07T07:20:29.986896Z,2026-09-07T06:20:29.986896Z,Bitget USDT Futures,BTCUSDT,OK,7,7,FULL,14295,24952623.87086,9996838.019199999,14955785.85166,0.4006327379011406,0.5993672620988594,-4958947.832460001,79550.6,79589.1475,79555.4,-4.240213780404289,17549.9235,1401332817.71914,1401332817.71914,2026-09-07T07:20:34.092000Z,0.4982,0.5018,0.9928,2026-09-07T07:00:00Z,2026-09-07T07:20:34.365000Z,79550.6,79550.7,88445734.60522,99379520.82532,-0.05821254545900747,88445734.60522,104280488.4734,-0.08216190622757351,FULL,0,0.0,0.0,
2026-09-07T07:20:29.986896Z,2026-09-07T06:20:29.986896Z,Bitget USDT Futures,ETHUSDT,OK,7,7,FULL,8894,33315924.556599997,14846488.7741,18469435.7825,0.4456273980593722,0.5543726019406279,-3622947.008399999,2498.16,2499.059,2498.15,-3.637369105732313,557437.35,1393192989.2343,1393192989.2343,2026-09-07T07:20:38.048000Z,0.4974,0.5026,0.9896,2026-09-07T07:00:00Z,2026-09-07T07:20:38.304000Z,2498.29,2498.3,44849961.3412,54817436.626099996,-0.10000737942582023,67132697.2109,79191691.9351,-0.0824127460540276,FULL,1,12.9,0,
2026-09-07T08:20:35.582269Z,2026-09-07T07:20:35.582269Z,Bitget USDT Futures,BTCUSDT,OK,7,7,FULL,56928,184203217.83962,85228831.20877,98974386.63085,0.462689154990637,0.5373108450093631,-13745555.422079995,79435.4,79467.194,79435.4,-4.000896269221732,19263.9076,1536881045.63579,1536881045.63579,2026-09-07T08:20:53.024000Z,0.498,0.502,0.992,2026-09-07T08:00:00Z,2026-09-07T08:20:53.350000Z,79435.3,79435.4,74303290.95873,83935903.83991,-0.06087374808395316,77270161.96412,83935903.83991,-0.04134920012186888,FULL,17,2.0697,0,
2026-09-07T08:20:35.582269Z,2026-09-07T07:20:35.582269Z,Bitget USDT Futures,ETHUSDT,OK,7,7,FULL,26121,114298038.0271,53592817.4103,60705220.6168,0.4688865910156146,0.5311134089843854,-7112403.206500001,2489.3,2490.4205,2489.3,-4.499240188554632,580274.0,1449723924.1713,1449723924.1713,2026-09-07T08:21:02.850000Z,0.4972,0.5028,0.9888,2026-09-07T08:00:00Z,2026-09-07T08:21:03.168000Z,2489.38,2489.39,44843662.1401,50712808.1191,-0.06142070718057863,69036758.9517,75967741.0228,-0.04779839296241741,FULL,6,0.96,0.81,
2026-09-07T09:19:44.708965Z,2026-09-07T08:19:44.708965Z,Bitget USDT Futures,BTCUSDT,OK,7,7,FULL,17280,65956012.06769,30389753.50123,35566258.56646,0.4607578983101844,0.5392421016898157,-5176505.065229997,79499.8,79531.686,79499.8,-4.009219671263775,19638.5141,1566476505.8703,1566476505.8703,2026-09-07T09:19:50.621000Z,0.4986,0.5014,0.9944,2026-09-07T09:00:00Z,2026-09-07T09:19:51Z,79499.8,79499.9,87714512.7895,92816504.83845,-0.02826102747320971,88010343.34541,92816504.83845,-0.02657880475886643,FULL,0,0.0,0.0,
2026-09-07T09:19:44.708965Z,2026-09-07T08:19:44.708965Z,Bitget USDT Futures,ETHUSDT,OK,7,7,FULL,11150,52611499.0694,20567138.3638,32044360.7056,0.39092477362543543,0.6090752263745647,-11477222.3418,2494.25,2495.708,2494.26,-5.801960806312012,581688.1,1453189877.9489,1453189877.9489,2026-09-07T09:19:56.328000Z,0.4973,0.5027,0.9892,2026-09-07T09:00:00Z,2026-09-07T09:19:56.675000Z,2494.24,2494.25,52740326.4783,52996302.7139,-0.002420885151679159,78917274.6394,77375520.43879999,0.009864525103851444,FULL,0,0.0,0.0,
2026-09-07T10:19:00.261168Z,2026-09-07T09:19:00.261168Z,Bitget USDT Futures,BTCUSDT,OK,7,7,FULL,17391,57270643.209759995,26851226.87226,30419416.3375,0.4688480060179252,0.5311519939820749,-3568189.465239998,79378.3,79408.5815,79378.9,-3.737820200201414,19972.6599,1592786770.19792,1592786770.19792,2026-09-07T10:19:06.305000Z,0.4985,0.5015,0.994,2026-09-07T10:00:00Z,2026-09-07T10:19:06.729000Z,79378.2,79378.3,98409450.29129,104671076.85546,-0.030833219965227036,98409450.29129,104671076.85546,-0.030833219965227036,FULL,0,0.0,0.0,
2026-09-07T10:19:00.261168Z,2026-09-07T09:19:00.261168Z,Bitget USDT Futures,ETHUSDT,OK,7,7,FULL,9972,52423612.475700006,25087616.6675,27335995.8082,0.47855566380758097,0.5214443361924189,-2248379.1407000013,2488.27,2489.317,2488.27,-4.20597296366898,585732.57,1463085814.0036,1463085814.0036,2026-09-07T10:19:11.331000Z,0.4976,0.5024,0.9904,2026-09-07T10:00:00Z,2026-09-07T10:19:11.748000Z,2488.26,2488.27,54921556.8906,50470277.9429,0.04223551999765651,79037212.2596,75569506.1162,0.02242920734512392,FULL,0,0.0,0.0,
2026-09-07T11:18:09.663828Z,2026-09-07T10:18:09.663828Z,Bitget USDT Futures,BTCUSDT,OK,7,7,FULL,11568,40652716.77179,20396253.46843,20256463.30336,0.5017193213168843,0.4982806786831157,139790.16507000104,79374.0,79407.8635,79375.0,-4.138569979282858,20150.7982,1606719589.22557,1606719589.22557,2026-09-07T11:18:13.917000Z,0.4983,0.5017,0.9932,2026-09-07T11:00:00Z,2026-09-07T11:18:14.292000Z,79374.0,79374.1,89574386.59009,104710996.40729,-0.07790915396555649,89574386.59009,104710996.40729,-0.07790915396555649,FULL,0,0.0,0.0,
2026-09-07T11:18:09.663828Z,2026-09-07T10:18:09.663828Z,Bitget USDT Futures,ETHUSDT,OK,7,7,FULL,6309,23544215.8801,10504150.0283,13040065.8518,0.44614567254194687,0.5538543274580531,-2535915.8235,2490.16,2491.3285,2490.26,-4.288876396668639,582257.08,1454294596.0569,1454294596.0569,2026-09-07T11:18:17.964000Z,0.4977,0.5023,0.9908,2026-09-07T11:00:00Z,2026-09-07T11:18:18.337000Z,2490.15,2490.16,58765563.8295,50519319.2661,0.07545640650213596,84373396.7032,75848885.8267,0.05320427809352415,FULL,0,0.0,0.0,
2026-09-07T12:24:18.533942Z,2026-09-07T11:24:18.533942Z,Bitget USDT Futures,BTCUSDT,OK,7,7,FULL,10959,23781784.58359,14718670.67665,9063113.90694,0.6189052223947161,0.3810947776052839,5655556.769710001,79450.2,79481.8865,79450.1,-3.9992130785659885,20141.6012,1605815973.29233,1605815973.29233,2026-09-07T12:24:21.925000Z,0.4982,0.5018,0.9928,2026-09-07T12:00:00Z,2026-09-07T12:24:22.249000Z,79452.9,79453.0,93942399.46963,99893082.9262,-0.03069966026353293,94162726.08219999,99893082.9262,-0.029529426989490248,FULL,0,0.0,0.0,
2026-09-07T12:24:18.533942Z,2026-09-07T11:24:18.533942Z,Bitget USDT Futures,ETHUSDT,OK,7,7,FULL,6153,20024561.3596,9421260.318,10603301.0416,0.470485228056361,0.529514771943639,-1182040.7236000001,2491.16,2492.2775,2491.18,-4.40360272883078,579038.53,1446133280.1431,1446133280.1431,2026-09-07T12:24:25.629000Z,0.4994,0.5006,0.9976,2026-09-07T12:00:00Z,2026-09-07T12:24:25.956000Z,2491.48,2491.49,45985024.4251,61937963.9073,-0.1478178072040163,66364831.6342,88222893.5037,-0.14139584401026353,FULL,0,0.0,0.0,
2026-09-07T13:20:35.896910Z,2026-09-07T12:20:35.896910Z,Bitget USDT Futures,BTCUSDT,OK,7,7,FULL,19135,58203065.12578,32452558.33998,25750506.7858,0.5575747302972489,0.44242526970275103,6702051.55418,79593.9,79626.306,79594.3,-4.0195259089370605,20444.3722,1629750110.65126,1629750110.65126,2026-09-07T13:20:42.786000Z,0.4977,0.5023,0.9908,2026-09-07T13:00:00Z,2026-09-07T13:20:43.172000Z,79593.9,79594.0,90109392.31337,96314346.46619,-0.0332841417806621,90533697.31257,96314346.46619,-0.030937702299225815,FULL,0,0.0,0.0,
2026-09-07T13:20:35.896910Z,2026-09-07T12:20:35.896910Z,Bitget USDT Futures,ETHUSDT,OK,7,7,FULL,15673,64589873.152,37692507.5041,26897365.6479,0.5835668296699986,0.4164331703300014,10795141.856200002,2507.81,2508.8385,2507.88,-3.820493028944272,586020.58,1463700732.4038,1463700732.4038,2026-09-07T13:20:49.998000Z,0.4974,0.5026,0.9896,2026-09-07T13:00:00Z,2026-09-07T13:20:50.406000Z,2507.96,2507.97,51326463.1977,61761503.401,-0.09227365666878969,73360416.6678,94357253.3835,-0.1251915597758881,FULL,0,0.0,0.0,
2026-09-07T14:19:00.677444Z,2026-09-07T13:19:00.677444Z,Bitget USDT Futures,BTCUSDT,OK,7,7,FULL,36233,105025707.9077,48881752.60208,56143955.30562,0.46542654723202503,0.534573452767975,-7262202.703539997,79114.7,79148.2915,79114.7,-4.2441219340794145,21082.1208,1679975174.57074,1679975174.57074,2026-09-07T14:19:10.460000Z,0.4981,0.5019,0.9924,2026-09-07T14:00:00Z,2026-09-07T14:19:10.716000Z,79122.7,79122.8,84980788.98518,94918772.32171,-0.05524184308363504,84980788.98518,102056050.34768,-0.09129357309183363,FULL,0,0.0,0.0,
2026-09-07T14:19:00.677444Z,2026-09-07T13:19:00.677444Z,Bitget USDT Futures,ETHUSDT,OK,7,7,FULL,21201,64372068.457399994,28962261.3766,35409807.0808,0.44991969452972574,0.5500803054702743,-6447545.704199996,2484.51,2486.011,2484.9,-4.469006774305839,582332.91,1454698951.9526,1454698951.9526,2026-09-07T14:19:17.739000Z,0.4984,0.5016,0.9936,2026-09-07T14:00:00Z,2026-09-07T14:19:17.988000Z,2484.5,2484.51,62547461.773,39995679.6949,0.21992482144853723,87186708.1633,65267667.6179,0.14377442715621255,FULL,0,0.0,0.0,
2026-09-07T15:18:01.809864Z,2026-09-07T14:18:01.809864Z,Bitget USDT Futures,BTCUSDT,OK,7,7,FULL,38790,137790095.0266,74187443.22831,63602651.79829,0.5384091157930352,0.4615908842069648,10584791.430020005,78930.0,78962.5845,78930.0,-4.126574656380111,20289.8964,1616317759.78445,1616317759.78445,2026-09-07T15:18:16.043000Z,0.4968,0.5032,0.9872,2026-09-07T15:00:00Z,2026-09-07T15:18:16.448000Z,78926.9,78927.0,90161121.3518,94805879.77955,-0.025111281468263844,90161121.3518,99414064.55924,-0.048808830981614,FULL,4,0.1013,0,
2026-09-07T15:18:01.809864Z,2026-09-07T14:18:01.809864Z,Bitget USDT Futures,ETHUSDT,OK,7,7,FULL,22993,84923607.1338,42873787.2279,42049819.9059,0.5048512265894559,0.4951487734105441,823967.3219999969,2475.91,2476.934,2475.98,-3.8515358099977526,553669.66,1383979221.1253,1383979221.1253,2026-09-07T15:18:26.434000Z,0.4991,0.5009,0.9964,2026-09-07T15:00:00Z,2026-09-07T15:18:26.904000Z,2477.0,2477.01,62662423.9986,50151730.5623,0.11089648710301157,91832801.4713,75794557.2313,0.09567796309703021,FULL,6,11.49,0,
2026-09-07T16:18:40.005119Z,2026-09-07T15:18:40.005119Z,Bitget USDT Futures,BTCUSDT,OK,7,7,FULL,48089,142487986.92932,73675424.52579,68812562.40353,0.5170641126562907,0.48293588734370924,4862862.122260004,78875.0,78901.7855,78875.0,-3.3947900963526845,22012.8696,1751685490.48372,1751685490.48372,2026-09-07T16:18:56.957000Z,0.4962,0.5038,0.9849,2026-09-07T16:00:00Z,2026-09-07T16:18:57.366000Z,78875.0,78875.1,92695792.03254,106556759.32875,-0.0695648171203436,92695792.03254,106556759.32875,-0.0695648171203436,FULL,8,0.6628,0,
2026-09-07T16:18:40.005119Z,2026-09-07T15:18:40.005119Z,Bitget USDT Futures,ETHUSDT,OK,7,7,FULL,25700,95715178.5168,46651397.902,49063780.6148,0.487398118301704,0.512601881698296,-2412382.712799996,2474.66,2475.5335,2474.66,-3.528532334545753,581556.23,1452855737.6592,1452855737.6592,2026-09-07T16:19:07.453000Z,0.4987,0.5013,0.9948,2026-09-07T16:00:00Z,2026-09-07T16:19:07.822000Z,2474.65,2474.66,53440322.476,56306948.8745,-0.026120252132236135,80671633.4973,81665568.0813,-0.006122654415222045,FULL,2,0.79,0,
2026-09-07T17:16:37.026980Z,2026-09-07T16:16:37.026980Z,Bitget USDT Futures,BTCUSDT,OK,7,7,FULL,21578,74077106.94587,43865525.8327,30211581.11317,0.5921603534645817,0.4078396465354183,13653944.719529998,79103.6,79133.1325,79103.6,-3.732001889348302,22680.5579,1804236852.08101,1804236852.08101,2026-09-07T17:16:44.666000Z,0.4961,0.5039,0.9845,2026-09-07T17:00:00Z,2026-09-07T17:16:45.074000Z,79103.6,79103.7,101351753.16672,104030942.02964,-0.013044861741435968,102088886.30465,104030942.02964,-0.009421974298563545,FULL,1,0,0.0001,
2026-09-07T17:16:37.026980Z,2026-09-07T16:16:37.026980Z,Bitget USDT Futures,ETHUSDT,OK,7,7,FULL,11991,40764441.214200005,24526234.6215,16238206.5927,0.6016575694641549,0.39834243053584495,8288028.0287999995,2489.1,2490.2975,2489.23,-4.286636436008351,578760.88,1445872034.0138,1445872034.0138,2026-09-07T17:16:50.536000Z,0.4982,0.5018,0.9928,2026-09-07T17:00:00Z,2026-09-07T17:16:50.946000Z,2488.96,2488.97,59050019.479499996,60025971.315,-0.008196042115528466,82470303.21869999,86854960.16319999,-0.0258948774502169,FULL,1,0,1.96,
2026-09-07T18:21:11.052397Z,2026-09-07T17:21:11.052397Z,Bitget USDT Futures,BTCUSDT,OK,7,7,FULL,13716,43669375.41875,15320421.64666,28348953.77209,0.35082758797786656,0.6491724120221334,-13028532.12543,79157.4,79193.4135,79157.4,-4.547537277200808,22833.1573,1816041884.31299,1816041884.31299,2026-09-07T18:21:14.896000Z,0.4958,0.5042,0.9833,2026-09-07T18:00:00Z,2026-09-07T18:21:15.158000Z,79157.3,79157.4,98153668.41223,96405255.0536,0.008986549305907688,98589633.3871,96405255.0536,0.011202233817345886,FULL,1,0,0.0015,
2026-09-07T18:21:11.052397Z,2026-09-07T17:21:11.052397Z,Bitget USDT Futures,ETHUSDT,OK,7,7,FULL,10879,35843889.2907,18618148.2934,17225740.9973,0.5194232172296837,0.4805767827703162,1392407.2961000018,2494.03,2495.028,2494.03,-3.9999551107228193,577503.11,1442766145.39,1442766145.39,2026-09-07T18:21:19.392000Z,0.499,0.501,0.996,2026-09-07T18:00:00Z,2026-09-07T18:21:19.642000Z,2494.03,2494.04,65562982.1575,60083060.6871,0.04361395986961251,90524603.2016,88693873.3769,0.010215073019539448,FULL,2,0,1.71,
2026-09-07T19:16:41.956172Z,2026-09-07T18:16:41.956172Z,Bitget USDT Futures,BTCUSDT,OK,7,7,FULL,11007,34507428.772929996,10657872.685899999,23849556.08703,0.30885734072023263,0.6911426592797675,-13191683.401130002,79142.4,79178.736,79142.4,-4.589110894622772,22940.3475,1824290568.8494,1824290568.8494,2026-09-07T19:16:45.187000Z,0.4967,0.5033,0.9868,2026-09-07T19:00:00Z,2026-09-07T19:16:45.446000Z,79142.3,79142.4,114125069.93556,91745606.44152,0.10870641651290337,114547853.55533,91745606.44152,0.11053305865420147,FULL,0,0.0,0.0,
2026-09-07T19:16:41.956172Z,2026-09-07T18:16:41.956172Z,Bitget USDT Futures,ETHUSDT,OK,7,7,FULL,6839,26427770.725500003,11875838.1775,14551932.548,0.449369653643963,0.5506303463560369,-2676094.3705,2490.41,2491.264,2490.41,-3.4279787288715724,576317.08,1439752276.5703,1439752276.5703,2026-09-07T19:16:48.527000Z,0.4989,0.5011,0.9956,2026-09-07T19:00:00Z,2026-09-07T19:16:48.790000Z,2490.43,2490.44,53471512.7056,55161240.9848,-0.015554501030284808,80195368.8581,82635893.7145,-0.014988060755912058,FULL,0,0.0,0.0,
2026-09-07T20:18:08.104044Z,2026-09-07T19:18:08.104044Z,Bitget USDT Futures,BTCUSDT,OK,7,7,FULL,17002,48846476.155039996,22930740.35926,25915735.79578,0.46944513021732065,0.5305548697826794,-2984995.436519999,79206.0,79244.1225,79206.0,-4.8107668805341675,23363.5166,1857735252.7117,1857735252.7117,2026-09-07T20:18:12.751000Z,0.4967,0.5033,0.9868,2026-09-07T20:00:00Z,2026-09-07T20:18:12.976000Z,79206.0,79206.1,94345551.75637001,96450209.72326,-0.011030947179163059,94345551.75637001,96450209.72326,-0.011030947179163059,FULL,1,0,0.0102,
2026-09-07T20:18:08.104044Z,2026-09-07T19:18:08.104044Z,Bitget USDT Futures,ETHUSDT,OK,7,7,FULL,6360,24223250.9096,12629929.7013,11593321.2083,0.521396973033648,0.478603026966352,1036608.4930000007,2488.74,2489.623,2488.79,-3.3458881123771267,581217.68,1451980631.0418,1451980631.0418,2026-09-07T20:18:15.972000Z,0.4984,0.5016,0.9936,2026-09-07T20:00:00Z,2026-09-07T20:18:16.198000Z,2488.74,2488.75,63049912.546500005,51729600.6352,0.09862658934072627,88224470.7937,80473416.1566,0.04594636469503339,FULL,0,0.0,0.0,
2026-09-07T21:17:42.915350Z,2026-09-07T20:17:42.915350Z,Bitget USDT Futures,BTCUSDT,OK,7,7,FULL,8486,21002671.5965,7484314.00401,13518357.59249,0.35635057043206003,0.6436494295679399,-6034043.58848,79192.9,79233.036,79193.2,-5.027700819137948,23226.6763,1846601712.33432,1846601712.33432,2026-09-07T21:17:45.304000Z,0.4969,0.5031,0.9876,2026-09-07T21:00:00Z,2026-09-07T21:17:45.532000Z,79192.9,79193.0,104150762.99086,93075460.78466,0.056155322523468026,104150762.99086,93075460.78466,0.056155322523468026,FULL,0,0.0,0.0,
2026-09-07T21:17:42.915350Z,2026-09-07T20:17:42.915350Z,Bitget USDT Futures,ETHUSDT,OK,7,7,FULL,6061,26333150.9408,12717584.4898,13615566.451,0.48294959150124556,0.5170504084987544,-897981.9611999989,2493.29,2494.4395,2493.5,-3.7663771761153875,568408.47,1419769986.1766,1419769986.1766,2026-09-07T21:17:48.521000Z,0.4987,0.5013,0.9948,2026-09-07T21:00:00Z,2026-09-07T21:17:48.754000Z,2493.25,2493.26,50602260.6056,52354161.6484,-0.017015947178874873,73525440.2555,80396075.7416,-0.04463726491772243,FULL,0,0.0,0.0,
2026-09-07T22:17:41.356321Z,2026-09-07T21:17:41.356321Z,Bitget USDT Futures,BTCUSDT,OK,7,7,FULL,13621,32538528.14009,17458101.71588,15080426.42421,0.5365363067658324,0.4634636932341676,2377675.2916699983,79061.6,79106.919,79068.9,-4.806027144098612,23187.7381,1843212343.2505,1843212343.2505,2026-09-07T22:17:45.098000Z,0.497,0.503,0.988,2026-09-07T22:00:00Z,2026-09-07T22:17:45.334000Z,79061.5,79061.6,88024481.40501,92848069.75384,-0.026668437625970775,88024481.40501,93156490.17954,-0.028325318766353386,FULL,0,0.0,0.0,
2026-09-07T22:17:41.356321Z,2026-09-07T21:17:41.356321Z,Bitget USDT Futures,ETHUSDT,OK,7,7,FULL,7002,26260920.1748,11987719.6226,14273200.5522,0.4564851323870755,0.5435148676129244,-2285480.9296000004,2483.98,2485.288,2484.08,-4.860603680539866,561589.34,1402478597.5893,1402478597.5893,2026-09-07T22:17:48.648000Z,0.4992,0.5008,0.9968,2026-09-07T22:00:00Z,2026-09-07T22:17:48.893000Z,2484.0,2484.01,38769100.7728,19657333.8154,0.32710821894409886,58049351.9892,41577741.7651,0.16533263797418632,FULL,0,0.0,0.0,
2026-09-07T23:17:09.563533Z,2026-09-07T22:17:09.563533Z,Bitget USDT Futures,BTCUSDT,OK,7,7,FULL,32650,84672409.38839999,43010405.32668,41662004.06172,0.5079624595231179,0.4920375404768822,1348401.2649599984,79068.9,79104.891,79072.3,-4.119972809266681,22854.0714,1815369837.10567,1815369837.10567,2026-09-07T23:17:18.432000Z,0.4971,0.5029,0.9884,2026-09-07T23:00:00Z,2026-09-07T23:17:18.688000Z,79068.8,79068.9,80556317.62234999,83641050.43491,-0.01878673726051613,81010548.83378,83641050.43491,-0.015976167937715304,FULL,5,0.3562,0,
2026-09-07T23:17:09.563533Z,2026-09-07T22:17:09.563533Z,Bitget USDT Futures,ETHUSDT,OK,7,7,FULL,13864,58476810.337400004,25846474.8349,32630335.5025,0.44199529156550754,0.5580047084344925,-6783860.667600002,2485.01,2486.2245,2485.01,-4.884916868929112,560576.29,1399518829.6238,1399518829.6238,2026-09-07T23:17:23.699000Z,0.499,0.501,0.996,2026-09-07T23:00:00Z,2026-09-07T23:17:23.951000Z,2485.01,2485.02,41442111.0678,43180147.0616,-0.020538756967963253,65310943.3111,69484245.2048,-0.030960317943453358,FULL,2,0.91,0,
2026-09-08T00:29:30.404630Z,2026-09-07T23:29:30.404630Z,Bitget USDT Futures,BTCUSDT,OK,7,7,FULL,20878,42663004.37872,21733298.015,20929706.36372,0.5094178980475275,0.4905821019524726,803591.6512800008,78983.0,79021.4295,78984.3,-4.698662152143873,21614.3071,1715027212.83555,1715027212.83555,2026-09-08T00:29:35.975000Z,0.4979,0.5021,0.9916,2026-09-08T00:00:00Z,2026-09-08T00:29:36.214000Z,78983.0,78983.1,87311038.68623,96001446.44734,-0.04740761522477728,87311038.68623,96030176.31777,-0.04755688802078557,FULL,0,0.0,0.0,
2026-09-08T00:29:30.404630Z,2026-09-07T23:29:30.404630Z,Bitget USDT Futures,ETHUSDT,OK,7,7,FULL,9226,32844090.054899998,17146083.222,15698006.8329,0.5220447025123773,0.4779552974876228,1448076.3890999984,2483.39,2484.369,2483.39,-3.940638447832434,514250.73,1282602376.3717,1282602376.3717,2026-09-08T00:29:40.007000Z,0.4975,0.5025,0.99,2026-09-08T00:00:00Z,2026-09-08T00:29:40.259000Z,2483.38,2483.39,46153791.228199996,47557620.0455,-0.014980340155158775,71391797.9084,72348768.5311,-0.006657623845546706,FULL,0,0.0,0.0,
2026-09-08T01:17:49.043766Z,2026-09-08T00:17:49.043766Z,Bitget USDT Futures,BTCUSDT,OK,7,7,FULL,26049,67171086.43463,36466983.39374,30704103.04089,0.5428970309900998,0.4571029690099001,5762880.352849998,79262.1,79295.9245,79262.9,-4.1647159306401615,21251.5937,1685436987.64966,1685436987.64966,2026-09-08T01:17:57.858000Z,0.4978,0.5022,0.9912,2026-09-08T01:00:00Z,2026-09-08T01:17:58.221000Z,79268.3,79268.4,89784063.83417,84134277.56253,0.03248528146179299,93475519.61678,84134277.56253,0.052594182317653004,FULL,0,0.0,0.0,
2026-09-08T01:17:49.043766Z,2026-09-08T00:17:49.043766Z,Bitget USDT Futures,ETHUSDT,OK,7,7,FULL,12507,45997815.5313,26715395.0601,19282420.4712,0.5807970389794066,0.4192029610205934,7432974.5889,2496.0,2496.9775,2496.0,-3.914732912090324,498870.01,1243702491.5981,1243702491.5981,2026-09-08T01:18:03.688000Z,0.4973,0.5027,0.9892,2026-09-08T01:00:00Z,2026-09-08T01:18:04.066000Z,2495.99,2496.0,50565238.4255,54376142.7448,-0.036314600368329696,73285572.9845,87972958.1764,-0.09107974062622008,FULL,0,0.0,0.0,
2026-09-08T02:18:37.451303Z,2026-09-08T01:18:37.451303Z,Bitget USDT Futures,BTCUSDT,OK,7,7,FULL,20047,53816316.35884,28168733.51718,25647582.84166,0.5234236644766738,0.4765763355233262,2521150.675519999,79261.0,79294.161,79261.2,-4.156800397950855,21349.2533,1692876765.11821,1692876765.11821,2026-09-08T02:18:43.390000Z,0.4977,0.5023,0.9908,2026-09-08T02:00:00Z,2026-09-08T02:18:43.654000Z,79261.0,79261.1,90499363.86778,80515393.7598,0.058380751734433106,90499363.86778,80515393.7598,0.058380751734433106,FULL,2,0,0.2548,
2026-09-08T02:18:37.451303Z,2026-09-08T01:18:37.451303Z,Bitget USDT Futures,ETHUSDT,OK,7,7,FULL,12634,47624281.2922,24813799.7627,22810481.5295,0.52103252982348,0.47896747017651997,2003318.2331999987,2497.2,2498.3075,2497.2,-4.433001141773696,502504.59,1252762635.7844,1252762635.7844,2026-09-08T02:18:48.578000Z,0.4971,0.5029,0.9884,2026-09-08T02:00:00Z,2026-09-08T02:18:48.876000Z,2497.33,2497.34,45733825.796399996,53955860.423200004,-0.0824762815351652,70469290.5705,82928642.1296,-0.08122242157890489,FULL,3,0,2.52,
2026-09-08T03:18:53.464774Z,2026-09-08T02:18:53.464774Z,Bitget USDT Futures,BTCUSDT,OK,7,7,FULL,30913,78909412.64381,32509882.95326,46399529.69055,0.4119899244467411,0.5880100755532588,-13889646.737289999,78870.1,78901.117,78870.1,-3.9311230536820396,20758.6054,1644691318.80257,1644691318.80257,2026-09-08T03:19:03.353000Z,0.498,0.502,0.992,2026-09-08T03:00:00Z,2026-09-08T03:19:03.747000Z,78870.1,78870.2,100405641.13227999,96209200.45691,0.021343458313986787,100405641.13227999,96298003.58703001,0.020882366217013698,FULL,1,0,0.0077,
2026-09-08T03:18:53.464774Z,2026-09-08T02:18:53.464774Z,Bitget USDT Futures,ETHUSDT,OK,7,7,FULL,15289,46816513.610300004,20836080.872700002,25980432.7376,0.4450583622296022,0.5549416377703977,-5144351.864899997,2482.5,2483.246,2482.5,-3.0041324943241854,466633.27,1161876359.311,1161876359.311,2026-09-08T03:19:10.070000Z,0.4976,0.5024,0.9904,2026-09-08T03:00:00Z,2026-09-08T03:19:10.458000Z,2482.41,2482.42,53121364.696499996,62688153.8963,-0.08260796967335624,80412944.5563,87058905.7958,-0.03968404974046233,FULL,0,0.0,0.0,
2026-09-08T04:19:00.723437Z,2026-09-08T03:19:00.723437Z,Bitget USDT Futures,BTCUSDT,OK,7,7,FULL,28478,69632251.60496,37838039.71034,31794211.89462,0.5433981931965094,0.4566018068034907,6043827.815719999,78809.9,78836.0805,78809.9,-3.3208779322813076,20625.2663,1633347236.14698,1633347236.14698,2026-09-08T04:19:09.903000Z,0.4979,0.5021,0.9916,2026-09-08T04:00:00Z,2026-09-08T04:19:10.249000Z,78809.9,78810.0,84951427.93623,87377803.90907,-0.014079886197242233,84951427.93623,87377803.90907,-0.014079886197242233,FULL,6,0.1646,0,
2026-09-08T04:19:00.723437Z,2026-09-08T03:19:00.723437Z,Bitget USDT Futures,ETHUSDT,OK,7,7,FULL,12428,44285880.144099995,26614484.4645,17671395.6796,0.6009699790971801,0.39903002090281997,8943088.784899998,2483.25,2484.271,2483.45,-3.3047924320672717,462768.54,1151938915.5459,1151938915.5459,2026-09-08T04:19:15.594000Z,0.497,0.503,0.988,2026-09-08T04:00:00Z,2026-09-08T04:19:15.928000Z,2483.14,2483.15,45613229.366799995,51984891.116399996,-0.0652846767750695,72057962.4295,78431614.2849,-0.04235277947186967,FULL,1,0.01,0,
2026-09-08T05:17:56.818735Z,2026-09-08T04:17:56.818735Z,Bitget USDT Futures,BTCUSDT,OK,7,7,FULL,34271,98161448.89313,44038371.69011,54123077.20302,0.4486320463551358,0.5513679536448641,-10084705.512910001,78739.8,78769.288,78739.8,-3.7435910300465114,21043.1052,1665356727.11358,1665356727.11358,2026-09-08T05:18:08.749000Z,0.4979,0.5021,0.9916,2026-09-08T05:00:00Z,2026-09-08T05:18:09.159000Z,78739.7,78739.8,80793968.80942,86453387.78643,-0.03383861540296791,80793968.80942,86453387.78643,-0.03383861540296791,FULL,1,0,0.0001,
2026-09-08T05:17:56.818735Z,2026-09-08T04:17:56.818735Z,Bitget USDT Futures,ETHUSDT,OK,7,7,FULL,11355,40178881.0872,19566487.0133,20612394.0739,0.48698436800255746,0.5130156319974425,-1045907.0605999976,2480.37,2480.9435,2480.37,-2.3116205588724625,457122.17,1137540919.7832,1137540919.7832,2026-09-08T05:18:14.361000Z,0.4972,0.5028,0.9888,2026-09-08T05:00:00Z,2026-09-08T05:18:14.759000Z,2480.37,2480.38,40064760.440400004,54645807.5375,-0.153953749918408,66872048.8671,81614691.916,-0.09928592257563999,FULL,0,0.0,0.0,
2026-09-08T06:23:58.166030Z,2026-09-08T05:23:58.166030Z,Bitget USDT Futures,BTCUSDT,OK,7,7,FULL,47116,126713465.91104,46273868.37522,80439597.53581999,0.3651850893866866,0.6348149106133134,-34165729.16059999,78412.3,78443.204,78412.3,-3.9396656974888256,22213.1168,1756501226.41003,1756501226.41003,2026-09-08T06:24:11.115000Z,0.4973,0.5027,0.9892,2026-09-08T06:00:00Z,2026-09-08T06:24:11.368000Z,78413.2,78413.3,98618663.57756,83215676.42181,0.08470890127686201,98618663.57756,86530462.58769,0.06528899833467747,FULL,1,0,0.0002,
2026-09-08T06:23:58.166030Z,2026-09-08T05:23:58.166030Z,Bitget USDT Futures,ETHUSDT,OK,7,7,FULL,21368,89303009.31889999,43492010.889,45810998.4299,0.4870161847927268,0.5129838152072733,-2318987.5408999994,2468.23,2469.021,2468.25,-3.1226951897134203,480660.85,1195200024.4872,1195200024.4872,2026-09-08T06:24:18.524000Z,0.498,0.502,0.992,2026-09-08T06:00:00Z,2026-09-08T06:24:18.776000Z,2468.06,2468.07,37916365.5133,35217642.473299995,0.03690106852197245,57864210.5389,54184520.4233,0.03284008737985047,FULL,0,0.0,0.0,
2026-09-08T07:19:49.714514Z,2026-09-08T06:19:49.714514Z,Bitget USDT Futures,BTCUSDT,OK,7,7,FULL,40979,127600930.05172999,58633510.43402,68967419.61771,0.45950692060198706,0.5404930793980129,-10333909.183689997,78419.1,78447.0525,78423.3,-3.027838426434837,23227.9835,1835641666.95683,1835641666.95683,2026-09-08T07:20:02.390000Z,0.4978,0.5022,0.9912,2026-09-08T07:00:00Z,2026-09-08T07:20:02.717000Z,78419.0,78419.1,87457150.91148,86710405.1877,0.004287513360724633,87457150.91148,86710405.1877,0.004287513360724633,FULL,8,0.4237,0,
2026-09-08T07:19:49.714514Z,2026-09-08T06:19:49.714514Z,Bitget USDT Futures,ETHUSDT,OK,7,7,FULL,20964,78838759.5759,48142369.3411,30696390.2348,0.6106434144838639,0.38935658551613606,17445979.1063,2473.91,2474.8845,2473.95,-3.7759337860021613,492693.4,1224497822.6289,1224497822.6289,2026-09-08T07:20:10.425000Z,0.4979,0.5021,0.9916,2026-09-08T07:00:00Z,2026-09-08T07:20:10.731000Z,2473.91,2473.92,51544646.3806,63544403.8418,-0.10426497949206695,79179931.5324,86430190.4231,-0.04377908068112024,FULL,4,26.009999999999998,0,
